Country,CountryCode,Province,City,CityCode,Lat,Lon,Cases,Status,Date
Singapore,SG,,,,1.35,103.82,0,confirmed,2020-01-22T00:00:00Z
Singapore,SG,,,,1.35,103.82,1,confirmed,2020-01-23T00:00:00Z
Singapore,SG,,,,1.35,103.82,3,confirmed,2020-01-24T00:00:00Z
Singapore,SG,,,,1.35,103.82,3,confirmed,2020-01-25T00:00:00Z
Singapore,SG,,,,1.35,103.82,4,confirmed,2020-01-26T00:00:00Z
Singapore,SG,,,,1.35,103.82,5,confirmed,2020-01-27T00:00:00Z
Singapore,SG,,,,1.35,103.82,7,confirmed,2020-01-28T00:00:00Z
Singapore,SG,,,,1.35,103.82,7,confirmed,2020-01-29T00:00:00Z
Singapore,SG,,,,1.35,103.82,10,confirmed,2020-01-30T00:00:00Z
Singapore,SG,,,,1.35,103.82,13,confirmed,2020-01-31T00:00:00Z
Singapore,SG,,,,1.35,103.82,16,confirmed,2020-02-01T00:00:00Z
Singapore,SG,,,,1.35,103.82,18,confirmed,2020-02-02T00:00:00Z
Singapore,SG,,,,1.35,103.82,18,confirmed,2020-02-03T00:00:00Z
Singapore,SG,,,,1.35,103.82,24,confirmed,2020-02-04T00:00:00Z
Singapore,SG,,,,1.35,103.82,28,confirmed,2020-02-05T00:00:00Z
Singapore,SG,,,,1.35,103.82,28,confirmed,2020-02-06T00:00:00Z
Singapore,SG,,,,1.35,103.82,30,confirmed,2020-02-07T00:00:00Z
Singapore,SG,,,,1.35,103.82,33,confirmed,2020-02-08T00:00:00Z
Singapore,SG,,,,1.35,103.82,40,confirmed,2020-02-09T00:00:00Z
Singapore,SG,,,,1.35,103.82,45,confirmed,2020-02-10T00:00:00Z
Singapore,SG,,,,1.35,103.82,47,confirmed,2020-02-11T00:00:00Z
Singapore,SG,,,,1.35,103.82,50,confirmed,2020-02-12T00:00:00Z
Singapore,SG,,,,1.35,103.82,58,confirmed,2020-02-13T00:00:00Z
Singapore,SG,,,,1.35,103.82,67,confirmed,2020-02-14T00:00:00Z
Singapore,SG,,,,1.35,103.82,72,confirmed,2020-02-15T00:00:00Z
Singapore,SG,,,,1.35,103.82,75,confirmed,2020-02-16T00:00:00Z
Singapore,SG,,,,1.35,103.82,77,confirmed,2020-02-17T00:00:00Z
Singapore,SG,,,,1.35,103.82,81,confirmed,2020-02-18T00:00:00Z
Singapore,SG,,,,1.35,103.82,84,confirmed,2020-02-19T00:00:00Z
Singapore,SG,,,,1.35,103.82,84,confirmed,2020-02-20T00:00:00Z
Singapore,SG,,,,1.35,103.82,85,confirmed,2020-02-21T00:00:00Z
Singapore,SG,,,,1.35,103.82,85,confirmed,2020-02-22T00:00:00Z
Singapore,SG,,,,1.35,103.82,89,confirmed,2020-02-23T00:00:00Z
Singapore,SG,,,,1.35,103.82,89,confirmed,2020-02-24T00:00:00Z
Singapore,SG,,,,1.35,103.82,91,confirmed,2020-02-25T00:00:00Z
Singapore,SG,,,,1.35,103.82,93,confirmed,2020-02-26T00:00:00Z
Singapore,SG,,,,1.35,103.82,93,confirmed,2020-02-27T00:00:00Z
Singapore,SG,,,,1.35,103.82,93,confirmed,2020-02-28T00:00:00Z
Singapore,SG,,,,1.35,103.82,102,confirmed,2020-02-29T00:00:00Z
Singapore,SG,,,,1.35,103.82,106,confirmed,2020-03-01T00:00:00Z
Singapore,SG,,,,1.35,103.82,108,confirmed,2020-03-02T00:00:00Z
Singapore,SG,,,,1.35,103.82,110,confirmed,2020-03-03T00:00:00Z
Singapore,SG,,,,1.35,103.82,110,confirmed,2020-03-04T00:00:00Z
Singapore,SG,,,,1.35,103.82,117,confirmed,2020-03-05T00:00:00Z
Singapore,SG,,,,1.35,103.82,130,confirmed,2020-03-06T00:00:00Z
Singapore,SG,,,,1.35,103.82,138,confirmed,2020-03-07T00:00:00Z
Singapore,SG,,,,1.35,103.82,150,confirmed,2020-03-08T00:00:00Z
Singapore,SG,,,,1.35,103.82,150,confirmed,2020-03-09T00:00:00Z
Singapore,SG,,,,1.35,103.82,160,confirmed,2020-03-10T00:00:00Z
Singapore,SG,,,,1.35,103.82,178,confirmed,2020-03-11T00:00:00Z
Singapore,SG,,,,1.35,103.82,178,confirmed,2020-03-12T00:00:00Z
Singapore,SG,,,,1.35,103.82,200,confirmed,2020-03-13T00:00:00Z
Singapore,SG,,,,1.35,103.82,212,confirmed,2020-03-14T00:00:00Z
Singapore,SG,,,,1.35,103.82,226,confirmed,2020-03-15T00:00:00Z
Singapore,SG,,,,1.35,103.82,243,confirmed,2020-03-16T00:00:00Z
Singapore,SG,,,,1.35,103.82,266,confirmed,2020-03-17T00:00:00Z
Singapore,SG,,,,1.35,103.82,313,confirmed,2020-03-18T00:00:00Z
Singapore,SG,,,,1.35,103.82,345,confirmed,2020-03-19T00:00:00Z
Singapore,SG,,,,1.35,103.82,385,confirmed,2020-03-20T00:00:00Z
Singapore,SG,,,,1.35,103.82,432,confirmed,2020-03-21T00:00:00Z
Singapore,SG,,,,1.35,103.82,455,confirmed,2020-03-22T00:00:00Z
Singapore,SG,,,,1.35,103.82,509,confirmed,2020-03-23T00:00:00Z
Singapore,SG,,,,1.35,103.82,558,confirmed,2020-03-24T00:00:00Z
Singapore,SG,,,,1.35,103.82,631,confirmed,2020-03-25T00:00:00Z
Singapore,SG,,,,1.35,103.82,683,confirmed,2020-03-26T00:00:00Z
Singapore,SG,,,,1.35,103.82,732,confirmed,2020-03-27T00:00:00Z
Singapore,SG,,,,1.35,103.82,802,confirmed,2020-03-28T00:00:00Z
Singapore,SG,,,,1.35,103.82,844,confirmed,2020-03-29T00:00:00Z
Singapore,SG,,,,1.35,103.82,879,confirmed,2020-03-30T00:00:00Z
Singapore,SG,,,,1.35,103.82,926,confirmed,2020-03-31T00:00:00Z
Singapore,SG,,,,1.35,103.82,1000,confirmed,2020-04-01T00:00:00Z
Singapore,SG,,,,1.35,103.82,1049,confirmed,2020-04-02T00:00:00Z
Singapore,SG,,,,1.35,103.82,1114,confirmed,2020-04-03T00:00:00Z
Singapore,SG,,,,1.35,103.82,1189,confirmed,2020-04-04T00:00:00Z
Singapore,SG,,,,1.35,103.82,1309,confirmed,2020-04-05T00:00:00Z
Singapore,SG,,,,1.35,103.82,1375,confirmed,2020-04-06T00:00:00Z
Singapore,SG,,,,1.35,103.82,1481,confirmed,2020-04-07T00:00:00Z
Singapore,SG,,,,1.35,103.82,1623,confirmed,2020-04-08T00:00:00Z
Singapore,SG,,,,1.35,103.82,1910,confirmed,2020-04-09T00:00:00Z
Singapore,SG,,,,1.35,103.82,2108,confirmed,2020-04-10T00:00:00Z
Singapore,SG,,,,1.35,103.82,2299,confirmed,2020-04-11T00:00:00Z
Singapore,SG,,,,1.35,103.82,2532,confirmed,2020-04-12T00:00:00Z
Singapore,SG,,,,1.35,103.82,2918,confirmed,2020-04-13T00:00:00Z
Singapore,SG,,,,1.35,103.82,3252,confirmed,2020-04-14T00:00:00Z
Singapore,SG,,,,1.35,103.82,3699,confirmed,2020-04-15T00:00:00Z
Singapore,SG,,,,1.35,103.82,4427,confirmed,2020-04-16T00:00:00Z
Singapore,SG,,,,1.35,103.82,5050,confirmed,2020-04-17T00:00:00Z
Singapore,SG,,,,1.35,103.82,5992,confirmed,2020-04-18T00:00:00Z
Singapore,SG,,,,1.35,103.82,6588,confirmed,2020-04-19T00:00:00Z
Singapore,SG,,,,1.35,103.82,8014,confirmed,2020-04-20T00:00:00Z
Singapore,SG,,,,1.35,103.82,9125,confirmed,2020-04-21T00:00:00Z
Singapore,SG,,,,1.35,103.82,10141,confirmed,2020-04-22T00:00:00Z
Singapore,SG,,,,1.35,103.82,11178,confirmed,2020-04-23T00:00:00Z
Singapore,SG,,,,1.35,103.82,12075,confirmed,2020-04-24T00:00:00Z
Singapore,SG,,,,1.35,103.82,12693,confirmed,2020-04-25T00:00:00Z
Singapore,SG,,,,1.35,103.82,13624,confirmed,2020-04-26T00:00:00Z
Singapore,SG,,,,1.35,103.82,14423,confirmed,2020-04-27T00:00:00Z
Singapore,SG,,,,1.35,103.82,14951,confirmed,2020-04-28T00:00:00Z
Singapore,SG,,,,1.35,103.82,15641,confirmed,2020-04-29T00:00:00Z
Singapore,SG,,,,1.35,103.82,16169,confirmed,2020-04-30T00:00:00Z
Singapore,SG,,,,1.35,103.82,17101,confirmed,2020-05-01T00:00:00Z
Singapore,SG,,,,1.35,103.82,17548,confirmed,2020-05-02T00:00:00Z
Singapore,SG,,,,1.35,103.82,18205,confirmed,2020-05-03T00:00:00Z
Singapore,SG,,,,1.35,103.82,18778,confirmed,2020-05-04T00:00:00Z
Singapore,SG,,,,1.35,103.82,19410,confirmed,2020-05-05T00:00:00Z
Singapore,SG,,,,1.35,103.82,20198,confirmed,2020-05-06T00:00:00Z
Singapore,SG,,,,1.35,103.82,20939,confirmed,2020-05-07T00:00:00Z
Singapore,SG,,,,1.35,103.82,21707,confirmed,2020-05-08T00:00:00Z
Singapore,SG,,,,1.35,103.82,22460,confirmed,2020-05-09T00:00:00Z
Singapore,SG,,,,1.35,103.82,23336,confirmed,2020-05-10T00:00:00Z
Singapore,SG,,,,1.35,103.82,23822,confirmed,2020-05-11T00:00:00Z
Singapore,SG,,,,1.35,103.82,24671,confirmed,2020-05-12T00:00:00Z
Singapore,SG,,,,1.35,103.82,25346,confirmed,2020-05-13T00:00:00Z
Singapore,SG,,,,1.35,103.82,26098,confirmed,2020-05-14T00:00:00Z
Singapore,SG,,,,1.35,103.82,26891,confirmed,2020-05-15T00:00:00Z
Singapore,SG,,,,1.35,103.82,27356,confirmed,2020-05-16T00:00:00Z
Singapore,SG,,,,1.35,103.82,28038,confirmed,2020-05-17T00:00:00Z
Singapore,SG,,,,1.35,103.82,28343,confirmed,2020-05-18T00:00:00Z
Singapore,SG,,,,1.35,103.82,28794,confirmed,2020-05-19T00:00:00Z
Singapore,SG,,,,1.35,103.82,29364,confirmed,2020-05-20T00:00:00Z
Singapore,SG,,,,1.35,103.82,29812,confirmed,2020-05-21T00:00:00Z
Singapore,SG,,,,1.35,103.82,30426,confirmed,2020-05-22T00:00:00Z
Singapore,SG,,,,1.35,103.82,31068,confirmed,2020-05-23T00:00:00Z
Singapore,SG,,,,1.35,103.82,31616,confirmed,2020-05-24T00:00:00Z
Singapore,SG,,,,1.35,103.82,31960,confirmed,2020-05-25T00:00:00Z
Singapore,SG,,,,1.35,103.82,32343,confirmed,2020-05-26T00:00:00Z
Singapore,SG,,,,1.35,103.82,32876,confirmed,2020-05-27T00:00:00Z
Singapore,SG,,,,1.35,103.82,33249,confirmed,2020-05-28T00:00:00Z
Singapore,SG,,,,1.35,103.82,33860,confirmed,2020-05-29T00:00:00Z
Singapore,SG,,,,1.35,103.82,34366,confirmed,2020-05-30T00:00:00Z
Singapore,SG,,,,1.35,103.82,34884,confirmed,2020-05-31T00:00:00Z
Singapore,SG,,,,1.35,103.82,35292,confirmed,2020-06-01T00:00:00Z
Singapore,SG,,,,1.35,103.82,35836,confirmed,2020-06-02T00:00:00Z
Singapore,SG,,,,1.35,103.82,36405,confirmed,2020-06-03T00:00:00Z
Singapore,SG,,,,1.35,103.82,36922,confirmed,2020-06-04T00:00:00Z
Singapore,SG,,,,1.35,103.82,37183,confirmed,2020-06-05T00:00:00Z
Singapore,SG,,,,1.35,103.82,37527,confirmed,2020-06-06T00:00:00Z
Singapore,SG,,,,1.35,103.82,37910,confirmed,2020-06-07T00:00:00Z
Singapore,SG,,,,1.35,103.82,38296,confirmed,2020-06-08T00:00:00Z
Singapore,SG,,,,1.35,103.82,38514,confirmed,2020-06-09T00:00:00Z
Singapore,SG,,,,1.35,103.82,38965,confirmed,2020-06-10T00:00:00Z
Singapore,SG,,,,1.35,103.82,39387,confirmed,2020-06-11T00:00:00Z
Singapore,SG,,,,1.35,103.82,39850,confirmed,2020-06-12T00:00:00Z
Singapore,SG,,,,1.35,103.82,40197,confirmed,2020-06-13T00:00:00Z
Singapore,SG,,,,1.35,103.82,40604,confirmed,2020-06-14T00:00:00Z
Singapore,SG,,,,1.35,103.82,40818,confirmed,2020-06-15T00:00:00Z
Singapore,SG,,,,1.35,103.82,40969,confirmed,2020-06-16T00:00:00Z
Singapore,SG,,,,1.35,103.82,41216,confirmed,2020-06-17T00:00:00Z
Singapore,SG,,,,1.35,103.82,41473,confirmed,2020-06-18T00:00:00Z
Singapore,SG,,,,1.35,103.82,41615,confirmed,2020-06-19T00:00:00Z
Singapore,SG,,,,1.35,103.82,41833,confirmed,2020-06-20T00:00:00Z
Singapore,SG,,,,1.35,103.82,42095,confirmed,2020-06-21T00:00:00Z
Singapore,SG,,,,1.35,103.82,42313,confirmed,2020-06-22T00:00:00Z
Singapore,SG,,,,1.35,103.82,42432,confirmed,2020-06-23T00:00:00Z
Singapore,SG,,,,1.35,103.82,42623,confirmed,2020-06-24T00:00:00Z
Singapore,SG,,,,1.35,103.82,42736,confirmed,2020-06-25T00:00:00Z
Singapore,SG,,,,1.35,103.82,42955,confirmed,2020-06-26T00:00:00Z
Singapore,SG,,,,1.35,103.82,43246,confirmed,2020-06-27T00:00:00Z
Singapore,SG,,,,1.35,103.82,43459,confirmed,2020-06-28T00:00:00Z
Singapore,SG,,,,1.35,103.82,43661,confirmed,2020-06-29T00:00:00Z
Singapore,SG,,,,1.35,103.82,43907,confirmed,2020-06-30T00:00:00Z
Singapore,SG,,,,1.35,103.82,44122,confirmed,2020-07-01T00:00:00Z
Singapore,SG,,,,1.35,103.82,44310,confirmed,2020-07-02T00:00:00Z
Singapore,SG,,,,1.35,103.82,44479,confirmed,2020-07-03T00:00:00Z
Singapore,SG,,,,1.35,103.82,44664,confirmed,2020-07-04T00:00:00Z
Singapore,SG,,,,1.35,103.82,44800,confirmed,2020-07-05T00:00:00Z
Singapore,SG,,,,1.35,103.82,44983,confirmed,2020-07-06T00:00:00Z
Singapore,SG,,,,1.35,103.82,45140,confirmed,2020-07-07T00:00:00Z
Singapore,SG,,,,1.35,103.82,45298,confirmed,2020-07-08T00:00:00Z
Singapore,SG,,,,1.35,103.82,45423,confirmed,2020-07-09T00:00:00Z
Singapore,SG,,,,1.35,103.82,45614,confirmed,2020-07-10T00:00:00Z
Singapore,SG,,,,1.35,103.82,45783,confirmed,2020-07-11T00:00:00Z
Singapore,SG,,,,1.35,103.82,45961,confirmed,2020-07-12T00:00:00Z
Singapore,SG,,,,1.35,103.82,46283,confirmed,2020-07-13T00:00:00Z
Singapore,SG,,,,1.35,103.82,46630,confirmed,2020-07-14T00:00:00Z
Singapore,SG,,,,1.35,103.82,46878,confirmed,2020-07-15T00:00:00Z
Singapore,SG,,,,1.35,103.82,47126,confirmed,2020-07-16T00:00:00Z
Singapore,SG,,,,1.35,103.82,47453,confirmed,2020-07-17T00:00:00Z
Singapore,SG,,,,1.35,103.82,47655,confirmed,2020-07-18T00:00:00Z
Singapore,SG,,,,1.35,103.82,47912,confirmed,2020-07-19T00:00:00Z
Singapore,SG,,,,1.35,103.82,48035,confirmed,2020-07-20T00:00:00Z
Singapore,SG,,,,1.35,103.82,48434,confirmed,2020-07-21T00:00:00Z
Singapore,SG,,,,1.35,103.82,48744,confirmed,2020-07-22T00:00:00Z
Singapore,SG,,,,1.35,103.82,49098,confirmed,2020-07-23T00:00:00Z
Singapore,SG,,,,1.35,103.82,49375,confirmed,2020-07-24T00:00:00Z
Singapore,SG,,,,1.35,103.82,49888,confirmed,2020-07-25T00:00:00Z
Singapore,SG,,,,1.35,103.82,50369,confirmed,2020-07-26T00:00:00Z
Singapore,SG,,,,1.35,103.82,50838,confirmed,2020-07-27T00:00:00Z
Singapore,SG,,,,1.35,103.82,51197,confirmed,2020-07-28T00:00:00Z
Singapore,SG,,,,1.35,103.82,51531,confirmed,2020-07-29T00:00:00Z
Singapore,SG,,,,1.35,103.82,51809,confirmed,2020-07-30T00:00:00Z
Singapore,SG,,,,1.35,103.82,52205,confirmed,2020-07-31T00:00:00Z
Singapore,SG,,,,1.35,103.82,52512,confirmed,2020-08-01T00:00:00Z
Singapore,SG,,,,1.35,103.82,52825,confirmed,2020-08-02T00:00:00Z
Singapore,SG,,,,1.35,103.82,53051,confirmed,2020-08-03T00:00:00Z
Singapore,SG,,,,1.35,103.82,53346,confirmed,2020-08-04T00:00:00Z
Singapore,SG,,,,1.35,103.82,54254,confirmed,2020-08-05T00:00:00Z
Singapore,SG,,,,1.35,103.82,54555,confirmed,2020-08-06T00:00:00Z
Singapore,SG,,,,1.35,103.82,54797,confirmed,2020-08-07T00:00:00Z
Singapore,SG,,,,1.35,103.82,54929,confirmed,2020-08-08T00:00:00Z
Singapore,SG,,,,1.35,103.82,55104,confirmed,2020-08-09T00:00:00Z
Singapore,SG,,,,1.35,103.82,55292,confirmed,2020-08-10T00:00:00Z
Singapore,SG,,,,1.35,103.82,55353,confirmed,2020-08-11T00:00:00Z
Singapore,SG,,,,1.35,103.82,55395,confirmed,2020-08-12T00:00:00Z
Singapore,SG,,,,1.35,103.82,55497,confirmed,2020-08-13T00:00:00Z
Singapore,SG,,,,1.35,103.82,55580,confirmed,2020-08-14T00:00:00Z
Singapore,SG,,,,1.35,103.82,55661,confirmed,2020-08-15T00:00:00Z
Singapore,SG,,,,1.35,103.82,55747,confirmed,2020-08-16T00:00:00Z
Singapore,SG,,,,1.35,103.82,55838,confirmed,2020-08-17T00:00:00Z
Singapore,SG,,,,1.35,103.82,55938,confirmed,2020-08-18T00:00:00Z
Singapore,SG,,,,1.35,103.82,56031,confirmed,2020-08-19T00:00:00Z
Singapore,SG,,,,1.35,103.82,56099,confirmed,2020-08-20T00:00:00Z
Singapore,SG,,,,1.35,103.82,56216,confirmed,2020-08-21T00:00:00Z
Singapore,SG,,,,1.35,103.82,56266,confirmed,2020-08-22T00:00:00Z
Singapore,SG,,,,1.35,103.82,56353,confirmed,2020-08-23T00:00:00Z
Singapore,SG,,,,1.35,103.82,56404,confirmed,2020-08-24T00:00:00Z
Singapore,SG,,,,1.35,103.82,56435,confirmed,2020-08-25T00:00:00Z
Singapore,SG,,,,1.35,103.82,56495,confirmed,2020-08-26T00:00:00Z
Singapore,SG,,,,1.35,103.82,56572,confirmed,2020-08-27T00:00:00Z
Singapore,SG,,,,1.35,103.82,56666,confirmed,2020-08-28T00:00:00Z
Singapore,SG,,,,1.35,103.82,56717,confirmed,2020-08-29T00:00:00Z
Singapore,SG,,,,1.35,103.82,56771,confirmed,2020-08-30T00:00:00Z
Singapore,SG,,,,1.35,103.82,56812,confirmed,2020-08-31T00:00:00Z
Singapore,SG,,,,1.35,103.82,56852,confirmed,2020-09-01T00:00:00Z
Singapore,SG,,,,1.35,103.82,56860,confirmed,2020-09-02T00:00:00Z
Singapore,SG,,,,1.35,103.82,56908,confirmed,2020-09-03T00:00:00Z
Singapore,SG,,,,1.35,103.82,56948,confirmed,2020-09-04T00:00:00Z
Singapore,SG,,,,1.35,103.82,56982,confirmed,2020-09-05T00:00:00Z
Singapore,SG,,,,1.35,103.82,57022,confirmed,2020-09-06T00:00:00Z
Singapore,SG,,,,1.35,103.82,57044,confirmed,2020-09-07T00:00:00Z
Singapore,SG,,,,1.35,103.82,57091,confirmed,2020-09-08T00:00:00Z
Singapore,SG,,,,1.35,103.82,57166,confirmed,2020-09-09T00:00:00Z
Singapore,SG,,,,1.35,103.82,57229,confirmed,2020-09-10T00:00:00Z
Singapore,SG,,,,1.35,103.82,57315,confirmed,2020-09-11T00:00:00Z
Singapore,SG,,,,1.35,103.82,57357,confirmed,2020-09-12T00:00:00Z
Singapore,SG,,,,1.35,103.82,57406,confirmed,2020-09-13T00:00:00Z
Singapore,SG,,,,1.35,103.82,57454,confirmed,2020-09-14T00:00:00Z
Singapore,SG,,,,1.35,103.82,57488,confirmed,2020-09-15T00:00:00Z
Singapore,SG,,,,1.35,103.82,57514,confirmed,2020-09-16T00:00:00Z
Singapore,SG,,,,1.35,103.82,57532,confirmed,2020-09-17T00:00:00Z
Singapore,SG,,,,1.35,103.82,57543,confirmed,2020-09-18T00:00:00Z
Singapore,SG,,,,1.35,103.82,57558,confirmed,2020-09-19T00:00:00Z
Singapore,SG,,,,1.35,103.82,57576,confirmed,2020-09-20T00:00:00Z
Singapore,SG,,,,1.35,103.82,57606,confirmed,2020-09-21T00:00:00Z
Singapore,SG,,,,1.35,103.82,57627,confirmed,2020-09-22T00:00:00Z
Singapore,SG,,,,1.35,103.82,57639,confirmed,2020-09-23T00:00:00Z
Singapore,SG,,,,1.35,103.82,57654,confirmed,2020-09-24T00:00:00Z
Singapore,SG,,,,1.35,103.82,57665,confirmed,2020-09-25T00:00:00Z
Singapore,SG,,,,1.35,103.82,57685,confirmed,2020-09-26T00:00:00Z
Singapore,SG,,,,1.35,103.82,57700,confirmed,2020-09-27T00:00:00Z
Singapore,SG,,,,1.35,103.82,57715,confirmed,2020-09-28T00:00:00Z
Singapore,SG,,,,1.35,103.82,57742,confirmed,2020-09-29T00:00:00Z
Singapore,SG,,,,1.35,103.82,57765,confirmed,2020-09-30T00:00:00Z
Singapore,SG,,,,1.35,103.82,57784,confirmed,2020-10-01T00:00:00Z
Singapore,SG,,,,1.35,103.82,57794,confirmed,2020-10-02T00:00:00Z
Singapore,SG,,,,1.35,103.82,57800,confirmed,2020-10-03T00:00:00Z
Singapore,SG,,,,1.35,103.82,57812,confirmed,2020-10-04T00:00:00Z
Singapore,SG,,,,1.35,103.82,57819,confirmed,2020-10-05T00:00:00Z
Singapore,SG,,,,1.35,103.82,57830,confirmed,2020-10-06T00:00:00Z
Singapore,SG,,,,1.35,103.82,57840,confirmed,2020-10-07T00:00:00Z
Singapore,SG,,,,1.35,103.82,57849,confirmed,2020-10-08T00:00:00Z
Singapore,SG,,,,1.35,103.82,57859,confirmed,2020-10-09T00:00:00Z
Singapore,SG,,,,1.35,103.82,57866,confirmed,2020-10-10T00:00:00Z
Singapore,SG,,,,1.35,103.82,57876,confirmed,2020-10-11T00:00:00Z
Singapore,SG,,,,1.35,103.82,57880,confirmed,2020-10-12T00:00:00Z
Singapore,SG,,,,1.35,103.82,57884,confirmed,2020-10-13T00:00:00Z
Singapore,SG,,,,1.35,103.82,57889,confirmed,2020-10-14T00:00:00Z
Singapore,SG,,,,1.35,103.82,57892,confirmed,2020-10-15T00:00:00Z
Singapore,SG,,,,1.35,103.82,57901,confirmed,2020-10-16T00:00:00Z
Singapore,SG,,,,1.35,103.82,57904,confirmed,2020-10-17T00:00:00Z
Singapore,SG,,,,1.35,103.82,57911,confirmed,2020-10-18T00:00:00Z
Singapore,SG,,,,1.35,103.82,57915,confirmed,2020-10-19T00:00:00Z
Singapore,SG,,,,1.35,103.82,57921,confirmed,2020-10-20T00:00:00Z
Singapore,SG,,,,1.35,103.82,57933,confirmed,2020-10-21T00:00:00Z
Singapore,SG,,,,1.35,103.82,57941,confirmed,2020-10-22T00:00:00Z
Singapore,SG,,,,1.35,103.82,57951,confirmed,2020-10-23T00:00:00Z
Singapore,SG,,,,1.35,103.82,57965,confirmed,2020-10-24T00:00:00Z
Singapore,SG,,,,1.35,103.82,57970,confirmed,2020-10-25T00:00:00Z
Singapore,SG,,,,1.35,103.82,57973,confirmed,2020-10-26T00:00:00Z
Singapore,SG,,,,1.35,103.82,57980,confirmed,2020-10-27T00:00:00Z
Singapore,SG,,,,1.35,103.82,57987,confirmed,2020-10-28T00:00:00Z
Singapore,SG,,,,1.35,103.82,57994,confirmed,2020-10-29T00:00:00Z
Singapore,SG,,,,1.35,103.82,58003,confirmed,2020-10-30T00:00:00Z
Singapore,SG,,,,1.35,103.82,58015,confirmed,2020-10-31T00:00:00Z
Singapore,SG,,,,1.35,103.82,58019,confirmed,2020-11-01T00:00:00Z
Singapore,SG,,,,1.35,103.82,58020,confirmed,2020-11-02T00:00:00Z
Singapore,SG,,,,1.35,103.82,58029,confirmed,2020-11-03T00:00:00Z
Singapore,SG,,,,1.35,103.82,58036,confirmed,2020-11-04T00:00:00Z
Singapore,SG,,,,1.35,103.82,58043,confirmed,2020-11-05T00:00:00Z
Singapore,SG,,,,1.35,103.82,58047,confirmed,2020-11-06T00:00:00Z
Singapore,SG,,,,1.35,103.82,58054,confirmed,2020-11-07T00:00:00Z
Singapore,SG,,,,1.35,103.82,58056,confirmed,2020-11-08T00:00:00Z
Singapore,SG,,,,1.35,103.82,58064,confirmed,2020-11-09T00:00:00Z
Singapore,SG,,,,1.35,103.82,58073,confirmed,2020-11-10T00:00:00Z
Singapore,SG,,,,1.35,103.82,58091,confirmed,2020-11-11T00:00:00Z
Singapore,SG,,,,1.35,103.82,58102,confirmed,2020-11-12T00:00:00Z
Singapore,SG,,,,1.35,103.82,58114,confirmed,2020-11-13T00:00:00Z
Singapore,SG,,,,1.35,103.82,58116,confirmed,2020-11-14T00:00:00Z
Singapore,SG,,,,1.35,103.82,58119,confirmed,2020-11-15T00:00:00Z
Singapore,SG,,,,1.35,103.82,58124,confirmed,2020-11-16T00:00:00Z
Singapore,SG,,,,1.35,103.82,58130,confirmed,2020-11-17T00:00:00Z
Singapore,SG,,,,1.35,103.82,58135,confirmed,2020-11-18T00:00:00Z
Singapore,SG,,,,1.35,103.82,58139,confirmed,2020-11-19T00:00:00Z
Singapore,SG,,,,1.35,103.82,58143,confirmed,2020-11-20T00:00:00Z
Singapore,SG,,,,1.35,103.82,58148,confirmed,2020-11-21T00:00:00Z
Singapore,SG,,,,1.35,103.82,58160,confirmed,2020-11-22T00:00:00Z
Singapore,SG,,,,1.35,103.82,58165,confirmed,2020-11-23T00:00:00Z
Singapore,SG,,,,1.35,103.82,58183,confirmed,2020-11-24T00:00:00Z
Singapore,SG,,,,1.35,103.82,58190,confirmed,2020-11-25T00:00:00Z
Singapore,SG,,,,1.35,103.82,58195,confirmed,2020-11-26T00:00:00Z
Singapore,SG,,,,1.35,103.82,58199,confirmed,2020-11-27T00:00:00Z
Singapore,SG,,,,1.35,103.82,58205,confirmed,2020-11-28T00:00:00Z
Singapore,SG,,,,1.35,103.82,58213,confirmed,2020-11-29T00:00:00Z
Singapore,SG,,,,1.35,103.82,58218,confirmed,2020-11-30T00:00:00Z
Singapore,SG,,,,1.35,103.82,58228,confirmed,2020-12-01T00:00:00Z
Singapore,SG,,,,1.35,103.82,58230,confirmed,2020-12-02T00:00:00Z
Singapore,SG,,,,1.35,103.82,58239,confirmed,2020-12-03T00:00:00Z
Singapore,SG,,,,1.35,103.82,58242,confirmed,2020-12-04T00:00:00Z
Singapore,SG,,,,1.35,103.82,58255,confirmed,2020-12-05T00:00:00Z
Singapore,SG,,,,1.35,103.82,58260,confirmed,2020-12-06T00:00:00Z
Singapore,SG,,,,1.35,103.82,58273,confirmed,2020-12-07T00:00:00Z
Singapore,SG,,,,1.35,103.82,58285,confirmed,2020-12-08T00:00:00Z
Singapore,SG,,,,1.35,103.82,58291,confirmed,2020-12-09T00:00:00Z
Singapore,SG,,,,1.35,103.82,58297,confirmed,2020-12-10T00:00:00Z
Singapore,SG,,,,1.35,103.82,58305,confirmed,2020-12-11T00:00:00Z
Singapore,SG,,,,1.35,103.82,58313,confirmed,2020-12-12T00:00:00Z
Singapore,SG,,,,1.35,103.82,58320,confirmed,2020-12-13T00:00:00Z
Singapore,SG,,,,1.35,103.82,58325,confirmed,2020-12-14T00:00:00Z
Singapore,SG,,,,1.35,103.82,58341,confirmed,2020-12-15T00:00:00Z
Singapore,SG,,,,1.35,103.82,58353,confirmed,2020-12-16T00:00:00Z
Singapore,SG,,,,1.35,103.82,58377,confirmed,2020-12-17T00:00:00Z
Singapore,SG,,,,1.35,103.82,58386,confirmed,2020-12-18T00:00:00Z
Singapore,SG,,,,1.35,103.82,58403,confirmed,2020-12-19T00:00:00Z
Singapore,SG,,,,1.35,103.82,58422,confirmed,2020-12-20T00:00:00Z
Singapore,SG,,,,1.35,103.82,58432,confirmed,2020-12-21T00:00:00Z
Singapore,SG,,,,1.35,103.82,58461,confirmed,2020-12-22T00:00:00Z
Singapore,SG,,,,1.35,103.82,58482,confirmed,2020-12-23T00:00:00Z
Singapore,SG,,,,1.35,103.82,58495,confirmed,2020-12-24T00:00:00Z
Singapore,SG,,,,1.35,103.82,58509,confirmed,2020-12-25T00:00:00Z
Singapore,SG,,,,1.35,103.82,58519,confirmed,2020-12-26T00:00:00Z
Singapore,SG,,,,1.35,103.82,58524,confirmed,2020-12-27T00:00:00Z
Singapore,SG,,,,1.35,103.82,58529,confirmed,2020-12-28T00:00:00Z
Singapore,SG,,,,1.35,103.82,58542,confirmed,2020-12-29T00:00:00Z
Singapore,SG,,,,1.35,103.82,58569,confirmed,2020-12-30T00:00:00Z
Singapore,SG,,,,1.35,103.82,58599,confirmed,2020-12-31T00:00:00Z
Singapore,SG,,,,1.35,103.82,58629,confirmed,2021-01-01T00:00:00Z
Singapore,SG,,,,1.35,103.82,58662,confirmed,2021-01-02T00:00:00Z
Singapore,SG,,,,1.35,103.82,58697,confirmed,2021-01-03T00:00:00Z
Singapore,SG,,,,1.35,103.82,58721,confirmed,2021-01-04T00:00:00Z
Singapore,SG,,,,1.35,103.82,58749,confirmed,2021-01-05T00:00:00Z
Singapore,SG,,,,1.35,103.82,58780,confirmed,2021-01-06T00:00:00Z
Singapore,SG,,,,1.35,103.82,58813,confirmed,2021-01-07T00:00:00Z
Singapore,SG,,,,1.35,103.82,58836,confirmed,2021-01-08T00:00:00Z
Singapore,SG,,,,1.35,103.82,58865,confirmed,2021-01-09T00:00:00Z
Singapore,SG,,,,1.35,103.82,58907,confirmed,2021-01-10T00:00:00Z
Singapore,SG,,,,1.35,103.82,58929,confirmed,2021-01-11T00:00:00Z
Singapore,SG,,,,1.35,103.82,58946,confirmed,2021-01-12T00:00:00Z
Singapore,SG,,,,1.35,103.82,58984,confirmed,2021-01-13T00:00:00Z
Singapore,SG,,,,1.35,103.82,59029,confirmed,2021-01-14T00:00:00Z
Singapore,SG,,,,1.35,103.82,59059,confirmed,2021-01-15T00:00:00Z
Singapore,SG,,,,1.35,103.82,59083,confirmed,2021-01-16T00:00:00Z
Singapore,SG,,,,1.35,103.82,59113,confirmed,2021-01-17T00:00:00Z
Singapore,SG,,,,1.35,103.82,59127,confirmed,2021-01-18T00:00:00Z
Singapore,SG,,,,1.35,103.82,59157,confirmed,2021-01-19T00:00:00Z
Singapore,SG,,,,1.35,103.82,59197,confirmed,2021-01-20T00:00:00Z
Singapore,SG,,,,1.35,103.82,59235,confirmed,2021-01-21T00:00:00Z
Singapore,SG,,,,1.35,103.82,59250,confirmed,2021-01-22T00:00:00Z
Singapore,SG,,,,1.35,103.82,59260,confirmed,2021-01-23T00:00:00Z
Singapore,SG,,,,1.35,103.82,59308,confirmed,2021-01-24T00:00:00Z
Singapore,SG,,,,1.35,103.82,59352,confirmed,2021-01-25T00:00:00Z
Singapore,SG,,,,1.35,103.82,59366,confirmed,2021-01-26T00:00:00Z
Singapore,SG,,,,1.35,103.82,59391,confirmed,2021-01-27T00:00:00Z
Singapore,SG,,,,1.35,103.82,59425,confirmed,2021-01-28T00:00:00Z
Singapore,SG,,,,1.35,103.82,59449,confirmed,2021-01-29T00:00:00Z
Singapore,SG,,,,1.35,103.82,59507,confirmed,2021-01-30T00:00:00Z
Singapore,SG,,,,1.35,103.82,59536,confirmed,2021-01-31T00:00:00Z
Singapore,SG,,,,1.35,103.82,59565,confirmed,2021-02-01T00:00:00Z
Singapore,SG,,,,1.35,103.82,59584,confirmed,2021-02-02T00:00:00Z
Singapore,SG,,,,1.35,103.82,59602,confirmed,2021-02-03T00:00:00Z
Singapore,SG,,,,1.35,103.82,59624,confirmed,2021-02-04T00:00:00Z
Singapore,SG,,,,1.35,103.82,59649,confirmed,2021-02-05T00:00:00Z
Singapore,SG,,,,1.35,103.82,59675,confirmed,2021-02-06T00:00:00Z
Singapore,SG,,,,1.35,103.82,59699,confirmed,2021-02-07T00:00:00Z
Singapore,SG,,,,1.35,103.82,59721,confirmed,2021-02-08T00:00:00Z
Singapore,SG,,,,1.35,103.82,59732,confirmed,2021-02-09T00:00:00Z
Singapore,SG,,,,1.35,103.82,59747,confirmed,2021-02-10T00:00:00Z
Singapore,SG,,,,1.35,103.82,59759,confirmed,2021-02-11T00:00:00Z
Singapore,SG,,,,1.35,103.82,59777,confirmed,2021-02-12T00:00:00Z
Singapore,SG,,,,1.35,103.82,59786,confirmed,2021-02-13T00:00:00Z
Singapore,SG,,,,1.35,103.82,59800,confirmed,2021-02-14T00:00:00Z
Singapore,SG,,,,1.35,103.82,59809,confirmed,2021-02-15T00:00:00Z
Singapore,SG,,,,1.35,103.82,59810,confirmed,2021-02-16T00:00:00Z
Singapore,SG,,,,1.35,103.82,59821,confirmed,2021-02-17T00:00:00Z
Singapore,SG,,,,1.35,103.82,59832,confirmed,2021-02-18T00:00:00Z
Singapore,SG,,,,1.35,103.82,59846,confirmed,2021-02-19T00:00:00Z
Singapore,SG,,,,1.35,103.82,59858,confirmed,2021-02-20T00:00:00Z
Singapore,SG,,,,1.35,103.82,59869,confirmed,2021-02-21T00:00:00Z
Singapore,SG,,,,1.35,103.82,59879,confirmed,2021-02-22T00:00:00Z
Singapore,SG,,,,1.35,103.82,59883,confirmed,2021-02-23T00:00:00Z
Singapore,SG,,,,1.35,103.82,59890,confirmed,2021-02-24T00:00:00Z
Singapore,SG,,,,1.35,103.82,59900,confirmed,2021-02-25T00:00:00Z
Singapore,SG,,,,1.35,103.82,59913,confirmed,2021-02-26T00:00:00Z
Singapore,SG,,,,1.35,103.82,59925,confirmed,2021-02-27T00:00:00Z
Singapore,SG,,,,1.35,103.82,59936,confirmed,2021-02-28T00:00:00Z
Singapore,SG,,,,1.35,103.82,59948,confirmed,2021-03-01T00:00:00Z
Singapore,SG,,,,1.35,103.82,59956,confirmed,2021-03-02T00:00:00Z
Singapore,SG,,,,1.35,103.82,59979,confirmed,2021-03-03T00:00:00Z
Singapore,SG,,,,1.35,103.82,59998,confirmed,2021-03-04T00:00:00Z
Singapore,SG,,,,1.35,103.82,60007,confirmed,2021-03-05T00:00:00Z
Singapore,SG,,,,1.35,103.82,60020,confirmed,2021-03-06T00:00:00Z
Singapore,SG,,,,1.35,103.82,60033,confirmed,2021-03-07T00:00:00Z
Singapore,SG,,,,1.35,103.82,60046,confirmed,2021-03-08T00:00:00Z
Singapore,SG,,,,1.35,103.82,60052,confirmed,2021-03-09T00:00:00Z
Singapore,SG,,,,1.35,103.82,60062,confirmed,2021-03-10T00:00:00Z
Singapore,SG,,,,1.35,103.82,60070,confirmed,2021-03-11T00:00:00Z
Singapore,SG,,,,1.35,103.82,60080,confirmed,2021-03-12T00:00:00Z
Singapore,SG,,,,1.35,103.82,60088,confirmed,2021-03-13T00:00:00Z
Singapore,SG,,,,1.35,103.82,60105,confirmed,2021-03-14T00:00:00Z
Singapore,SG,,,,1.35,103.82,60117,confirmed,2021-03-15T00:00:00Z
Singapore,SG,,,,1.35,103.82,60128,confirmed,2021-03-16T00:00:00Z
Singapore,SG,,,,1.35,103.82,60137,confirmed,2021-03-17T00:00:00Z
Singapore,SG,,,,1.35,103.82,60152,confirmed,2021-03-18T00:00:00Z
Singapore,SG,,,,1.35,103.82,60167,confirmed,2021-03-19T00:00:00Z
Singapore,SG,,,,1.35,103.82,60184,confirmed,2021-03-20T00:00:00Z
Singapore,SG,,,,1.35,103.82,60196,confirmed,2021-03-21T00:00:00Z
Singapore,SG,,,,1.35,103.82,60208,confirmed,2021-03-22T00:00:00Z
Singapore,SG,,,,1.35,103.82,60221,confirmed,2021-03-23T00:00:00Z
Singapore,SG,,,,1.35,103.82,60236,confirmed,2021-03-24T00:00:00Z
Singapore,SG,,,,1.35,103.82,60253,confirmed,2021-03-25T00:00:00Z
Singapore,SG,,,,1.35,103.82,60265,confirmed,2021-03-26T00:00:00Z
Singapore,SG,,,,1.35,103.82,60288,confirmed,2021-03-27T00:00:00Z
Singapore,SG,,,,1.35,103.82,60300,confirmed,2021-03-28T00:00:00Z
Singapore,SG,,,,1.35,103.82,60321,confirmed,2021-03-29T00:00:00Z
Singapore,SG,,,,1.35,103.82,60347,confirmed,2021-03-30T00:00:00Z
Singapore,SG,,,,1.35,103.82,60381,confirmed,2021-03-31T00:00:00Z
Singapore,SG,,,,1.35,103.82,60407,confirmed,2021-04-01T00:00:00Z
Singapore,SG,,,,1.35,103.82,60450,confirmed,2021-04-02T00:00:00Z
Singapore,SG,,,,1.35,103.82,60468,confirmed,2021-04-03T00:00:00Z
Singapore,SG,,,,1.35,103.82,60478,confirmed,2021-04-04T00:00:00Z
Singapore,SG,,,,1.35,103.82,60495,confirmed,2021-04-05T00:00:00Z
Singapore,SG,,,,1.35,103.82,60519,confirmed,2021-04-06T00:00:00Z
Singapore,SG,,,,1.35,103.82,60554,confirmed,2021-04-07T00:00:00Z
Singapore,SG,,,,1.35,103.82,60575,confirmed,2021-04-08T00:00:00Z
Singapore,SG,,,,1.35,103.82,60601,confirmed,2021-04-09T00:00:00Z
Singapore,SG,,,,1.35,103.82,60633,confirmed,2021-04-10T00:00:00Z
Singapore,SG,,,,1.35,103.82,60653,confirmed,2021-04-11T00:00:00Z
Singapore,SG,,,,1.35,103.82,60678,confirmed,2021-04-12T00:00:00Z
Singapore,SG,,,,1.35,103.82,60692,confirmed,2021-04-13T00:00:00Z
Singapore,SG,,,,1.35,103.82,60719,confirmed,2021-04-14T00:00:00Z
Singapore,SG,,,,1.35,103.82,60735,confirmed,2021-04-15T00:00:00Z
Singapore,SG,,,,1.35,103.82,60769,confirmed,2021-04-16T00:00:00Z
Singapore,SG,,,,1.35,103.82,60808,confirmed,2021-04-17T00:00:00Z
Singapore,SG,,,,1.35,103.82,60831,confirmed,2021-04-18T00:00:00Z
Singapore,SG,,,,1.35,103.82,60851,confirmed,2021-04-19T00:00:00Z
Singapore,SG,,,,1.35,103.82,60865,confirmed,2021-04-20T00:00:00Z
Singapore,SG,,,,1.35,103.82,60880,confirmed,2021-04-21T00:00:00Z
Singapore,SG,,,,1.35,103.82,60904,confirmed,2021-04-22T00:00:00Z
Singapore,SG,,,,1.35,103.82,60943,confirmed,2021-04-23T00:00:00Z
Singapore,SG,,,,1.35,103.82,60966,confirmed,2021-04-24T00:00:00Z
Singapore,SG,,,,1.35,103.82,61006,confirmed,2021-04-25T00:00:00Z
Singapore,SG,,,,1.35,103.82,61051,confirmed,2021-04-26T00:00:00Z
Singapore,SG,,,,1.35,103.82,61063,confirmed,2021-04-27T00:00:00Z
Singapore,SG,,,,1.35,103.82,61086,confirmed,2021-04-28T00:00:00Z
Singapore,SG,,,,1.35,103.82,61121,confirmed,2021-04-29T00:00:00Z
Singapore,SG,,,,1.35,103.82,61145,confirmed,2021-04-30T00:00:00Z
Singapore,SG,,,,1.35,103.82,61179,confirmed,2021-05-01T00:00:00Z
Singapore,SG,,,,1.35,103.82,61218,confirmed,2021-05-02T00:00:00Z
Singapore,SG,,,,1.35,103.82,61235,confirmed,2021-05-03T00:00:00Z
Singapore,SG,,,,1.35,103.82,61252,confirmed,2021-05-04T00:00:00Z
Singapore,SG,,,,1.35,103.82,61268,confirmed,2021-05-05T00:00:00Z
Singapore,SG,,,,1.35,103.82,61286,confirmed,2021-05-06T00:00:00Z
Singapore,SG,,,,1.35,103.82,61311,confirmed,2021-05-07T00:00:00Z
Singapore,SG,,,,1.35,103.82,61331,confirmed,2021-05-08T00:00:00Z
Singapore,SG,,,,1.35,103.82,61359,confirmed,2021-05-09T00:00:00Z
Singapore,SG,,,,1.35,103.82,61378,confirmed,2021-05-10T00:00:00Z
Singapore,SG,,,,1.35,103.82,61403,confirmed,2021-05-11T00:00:00Z
Singapore,SG,,,,1.35,103.82,61419,confirmed,2021-05-12T00:00:00Z
Singapore,SG,,,,1.35,103.82,61453,confirmed,2021-05-13T00:00:00Z
Singapore,SG,,,,1.35,103.82,61505,confirmed,2021-05-14T00:00:00Z
Singapore,SG,,,,1.35,103.82,61536,confirmed,2021-05-15T00:00:00Z
Singapore,SG,,,,1.35,103.82,61585,confirmed,2021-05-16T00:00:00Z
Singapore,SG,,,,1.35,103.82,61613,confirmed,2021-05-17T00:00:00Z
Singapore,SG,,,,1.35,103.82,61651,confirmed,2021-05-18T00:00:00Z
Singapore,SG,,,,1.35,103.82,61689,confirmed,2021-05-19T00:00:00Z
Singapore,SG,,,,1.35,103.82,61730,confirmed,2021-05-20T00:00:00Z
Singapore,SG,,,,1.35,103.82,61770,confirmed,2021-05-21T00:00:00Z
Singapore,SG,,,,1.35,103.82,61799,confirmed,2021-05-22T00:00:00Z
Singapore,SG,,,,1.35,103.82,61824,confirmed,2021-05-23T00:00:00Z
Singapore,SG,,,,1.35,103.82,61860,confirmed,2021-05-24T00:00:00Z
Singapore,SG,,,,1.35,103.82,61890,confirmed,2021-05-25T00:00:00Z
Singapore,SG,,,,1.35,103.82,61916,confirmed,2021-05-26T00:00:00Z
Singapore,SG,,,,1.35,103.82,61940,confirmed,2021-05-27T00:00:00Z
Singapore,SG,,,,1.35,103.82,61970,confirmed,2021-05-28T00:00:00Z
Singapore,SG,,,,1.35,103.82,62003,confirmed,2021-05-29T00:00:00Z
Singapore,SG,,,,1.35,103.82,62028,confirmed,2021-05-30T00:00:00Z
Singapore,SG,,,,1.35,103.82,62051,confirmed,2021-05-31T00:00:00Z
Singapore,SG,,,,1.35,103.82,62069,confirmed,2021-06-01T00:00:00Z
Singapore,SG,,,,1.35,103.82,62100,confirmed,2021-06-02T00:00:00Z
Singapore,SG,,,,1.35,103.82,62145,confirmed,2021-06-03T00:00:00Z
Singapore,SG,,,,1.35,103.82,62158,confirmed,2021-06-04T00:00:00Z
Singapore,SG,,,,1.35,103.82,62176,confirmed,2021-06-05T00:00:00Z
Singapore,SG,,,,1.35,103.82,62196,confirmed,2021-06-06T00:00:00Z
Singapore,SG,,,,1.35,103.82,62210,confirmed,2021-06-07T00:00:00Z
Singapore,SG,,,,1.35,103.82,62219,confirmed,2021-06-08T00:00:00Z
Singapore,SG,,,,1.35,103.82,62223,confirmed,2021-06-09T00:00:00Z
Singapore,SG,,,,1.35,103.82,62236,confirmed,2021-06-10T00:00:00Z
Singapore,SG,,,,1.35,103.82,62245,confirmed,2021-06-11T00:00:00Z
Singapore,SG,,,,1.35,103.82,62263,confirmed,2021-06-12T00:00:00Z
Singapore,SG,,,,1.35,103.82,62276,confirmed,2021-06-13T00:00:00Z
Singapore,SG,,,,1.35,103.82,62301,confirmed,2021-06-14T00:00:00Z
Singapore,SG,,,,1.35,103.82,62315,confirmed,2021-06-15T00:00:00Z
Singapore,SG,,,,1.35,103.82,62339,confirmed,2021-06-16T00:00:00Z
Singapore,SG,,,,1.35,103.82,62366,confirmed,2021-06-17T00:00:00Z
Singapore,SG,,,,1.35,103.82,62382,confirmed,2021-06-18T00:00:00Z
Singapore,SG,,,,1.35,103.82,62403,confirmed,2021-06-19T00:00:00Z
Singapore,SG,,,,1.35,103.82,62414,confirmed,2021-06-20T00:00:00Z
Singapore,SG,,,,1.35,103.82,62430,confirmed,2021-06-21T00:00:00Z
Singapore,SG,,,,1.35,103.82,62448,confirmed,2021-06-22T00:00:00Z
Singapore,SG,,,,1.35,103.82,62470,confirmed,2021-06-23T00:00:00Z
Singapore,SG,,,,1.35,103.82,62493,confirmed,2021-06-24T00:00:00Z
Singapore,SG,,,,1.35,103.82,62513,confirmed,2021-06-25T00:00:00Z
Singapore,SG,,,,1.35,103.82,62530,confirmed,2021-06-26T00:00:00Z
Singapore,SG,,,,1.35,103.82,62544,confirmed,2021-06-27T00:00:00Z
Singapore,SG,,,,1.35,103.82,62553,confirmed,2021-06-28T00:00:00Z
Singapore,SG,,,,1.35,103.82,62563,confirmed,2021-06-29T00:00:00Z
Singapore,SG,,,,1.35,103.82,62579,confirmed,2021-06-30T00:00:00Z
Singapore,SG,,,,1.35,103.82,62589,confirmed,2021-07-01T00:00:00Z
Singapore,SG,,,,1.35,103.82,62599,confirmed,2021-07-02T00:00:00Z
Singapore,SG,,,,1.35,103.82,62606,confirmed,2021-07-03T00:00:00Z
Singapore,SG,,,,1.35,103.82,62617,confirmed,2021-07-04T00:00:00Z
Singapore,SG,,,,1.35,103.82,62630,confirmed,2021-07-05T00:00:00Z
Singapore,SG,,,,1.35,103.82,62640,confirmed,2021-07-06T00:00:00Z
Singapore,SG,,,,1.35,103.82,62652,confirmed,2021-07-07T00:00:00Z
Singapore,SG,,,,1.35,103.82,62668,confirmed,2021-07-08T00:00:00Z
Singapore,SG,,,,1.35,103.82,62678,confirmed,2021-07-09T00:00:00Z
Singapore,SG,,,,1.35,103.82,62684,confirmed,2021-07-10T00:00:00Z
Singapore,SG,,,,1.35,103.82,62692,confirmed,2021-07-11T00:00:00Z
Singapore,SG,,,,1.35,103.82,62718,confirmed,2021-07-12T00:00:00Z
Singapore,SG,,,,1.35,103.82,62744,confirmed,2021-07-13T00:00:00Z
Singapore,SG,,,,1.35,103.82,62804,confirmed,2021-07-14T00:00:00Z
Singapore,SG,,,,1.35,103.82,62852,confirmed,2021-07-15T00:00:00Z
Singapore,SG,,,,1.35,103.82,62913,confirmed,2021-07-16T00:00:00Z
Singapore,SG,,,,1.35,103.82,62981,confirmed,2021-07-17T00:00:00Z
Singapore,SG,,,,1.35,103.82,63073,confirmed,2021-07-18T00:00:00Z
Singapore,SG,,,,1.35,103.82,63245,confirmed,2021-07-19T00:00:00Z
Singapore,SG,,,,1.35,103.82,63440,confirmed,2021-07-20T00:00:00Z
Singapore,SG,,,,1.35,103.82,63621,confirmed,2021-07-21T00:00:00Z
Singapore,SG,,,,1.35,103.82,63791,confirmed,2021-07-22T00:00:00Z
Singapore,SG,,,,1.35,103.82,63924,confirmed,2021-07-23T00:00:00Z
Singapore,SG,,,,1.35,103.82,64054,confirmed,2021-07-24T00:00:00Z
Singapore,SG,,,,1.35,103.82,64179,confirmed,2021-07-25T00:00:00Z
Singapore,SG,,,,1.35,103.82,64314,confirmed,2021-07-26T00:00:00Z
Singapore,SG,,,,1.35,103.82,64453,confirmed,2021-07-27T00:00:00Z
Singapore,SG,,,,1.35,103.82,64589,confirmed,2021-07-28T00:00:00Z
Singapore,SG,,,,1.35,103.82,64722,confirmed,2021-07-29T00:00:00Z
Singapore,SG,,,,1.35,103.82,64861,confirmed,2021-07-30T00:00:00Z
Singapore,SG,,,,1.35,103.82,64981,confirmed,2021-07-31T00:00:00Z
Singapore,SG,,,,1.35,103.82,65102,confirmed,2021-08-01T00:00:00Z
Singapore,SG,,,,1.35,103.82,65213,confirmed,2021-08-02T00:00:00Z
Singapore,SG,,,,1.35,103.82,65315,confirmed,2021-08-03T00:00:00Z
Singapore,SG,,,,1.35,103.82,65410,confirmed,2021-08-04T00:00:00Z
Singapore,SG,,,,1.35,103.82,65508,confirmed,2021-08-05T00:00:00Z
Singapore,SG,,,,1.35,103.82,65605,confirmed,2021-08-06T00:00:00Z
Singapore,SG,,,,1.35,103.82,65686,confirmed,2021-08-07T00:00:00Z
Singapore,SG,,,,1.35,103.82,65764,confirmed,2021-08-08T00:00:00Z
Singapore,SG,,,,1.35,103.82,65836,confirmed,2021-08-09T00:00:00Z
Singapore,SG,,,,1.35,103.82,65836,confirmed,2021-08-10T00:00:00Z
Singapore,SG,,,,1.35,103.82,65953,confirmed,2021-08-11T00:00:00Z
Singapore,SG,,,,1.35,103.82,66012,confirmed,2021-08-12T00:00:00Z
Singapore,SG,,,,1.35,103.82,66061,confirmed,2021-08-13T00:00:00Z
Singapore,SG,,,,1.35,103.82,66119,confirmed,2021-08-14T00:00:00Z
Singapore,SG,,,,1.35,103.82,66172,confirmed,2021-08-15T00:00:00Z
Singapore,SG,,,,1.35,103.82,66225,confirmed,2021-08-16T00:00:00Z
Singapore,SG,,,,1.35,103.82,66281,confirmed,2021-08-17T00:00:00Z
Singapore,SG,,,,1.35,103.82,66334,confirmed,2021-08-18T00:00:00Z
Singapore,SG,,,,1.35,103.82,66366,confirmed,2021-08-19T00:00:00Z
Singapore,SG,,,,1.35,103.82,66406,confirmed,2021-08-20T00:00:00Z
Singapore,SG,,,,1.35,103.82,66443,confirmed,2021-08-21T00:00:00Z
Singapore,SG,,,,1.35,103.82,66478,confirmed,2021-08-22T00:00:00Z
Singapore,SG,,,,1.35,103.82,66576,confirmed,2021-08-23T00:00:00Z
Singapore,SG,,,,1.35,103.82,66692,confirmed,2021-08-24T00:00:00Z
Singapore,SG,,,,1.35,103.82,66812,confirmed,2021-08-25T00:00:00Z
Singapore,SG,,,,1.35,103.82,66928,confirmed,2021-08-26T00:00:00Z
Singapore,SG,,,,1.35,103.82,66928,confirmed,2021-08-27T00:00:00Z
Singapore,SG,,,,1.35,103.82,67171,confirmed,2021-08-28T00:00:00Z
Singapore,SG,,,,1.35,103.82,67171,confirmed,2021-08-29T00:00:00Z
Singapore,SG,,,,1.35,103.82,67459,confirmed,2021-08-30T00:00:00Z
Singapore,SG,,,,1.35,103.82,67620,confirmed,2021-08-31T00:00:00Z
Singapore,SG,,,,1.35,103.82,67800,confirmed,2021-09-01T00:00:00Z
Singapore,SG,,,,1.35,103.82,67991,confirmed,2021-09-02T00:00:00Z
Singapore,SG,,,,1.35,103.82,68210,confirmed,2021-09-03T00:00:00Z
Singapore,SG,,,,1.35,103.82,68469,confirmed,2021-09-04T00:00:00Z
Singapore,SG,,,,1.35,103.82,68660,confirmed,2021-09-05T00:00:00Z
Singapore,SG,,,,1.35,103.82,68901,confirmed,2021-09-06T00:00:00Z
Singapore,SG,,,,1.35,103.82,69233,confirmed,2021-09-07T00:00:00Z
Singapore,SG,,,,1.35,103.82,69582,confirmed,2021-09-08T00:00:00Z
Singapore,SG,,,,1.35,103.82,70039,confirmed,2021-09-09T00:00:00Z
Singapore,SG,,,,1.35,103.82,70612,confirmed,2021-09-10T00:00:00Z
Singapore,SG,,,,1.35,103.82,71167,confirmed,2021-09-11T00:00:00Z
Singapore,SG,,,,1.35,103.82,71687,confirmed,2021-09-12T00:00:00Z
Singapore,SG,,,,1.35,103.82,72294,confirmed,2021-09-13T00:00:00Z
Singapore,SG,,,,1.35,103.82,73131,confirmed,2021-09-14T00:00:00Z
Singapore,SG,,,,1.35,103.82,73938,confirmed,2021-09-15T00:00:00Z
Singapore,SG,,,,1.35,103.82,74848,confirmed,2021-09-16T00:00:00Z
Singapore,SG,,,,1.35,103.82,75783,confirmed,2021-09-17T00:00:00Z
Singapore,SG,,,,1.35,103.82,76792,confirmed,2021-09-18T00:00:00Z
Singapore,SG,,,,1.35,103.82,77804,confirmed,2021-09-19T00:00:00Z
Singapore,SG,,,,1.35,103.82,78721,confirmed,2021-09-20T00:00:00Z
Singapore,SG,,,,1.35,103.82,79899,confirmed,2021-09-21T00:00:00Z
Singapore,SG,,,,1.35,103.82,81356,confirmed,2021-09-22T00:00:00Z
Singapore,SG,,,,1.35,103.82,82860,confirmed,2021-09-23T00:00:00Z
Singapore,SG,,,,1.35,103.82,84510,confirmed,2021-09-24T00:00:00Z
Singapore,SG,,,,1.35,103.82,85953,confirmed,2021-09-25T00:00:00Z
Singapore,SG,,,,1.35,103.82,87892,confirmed,2021-09-26T00:00:00Z
Singapore,SG,,,,1.35,103.82,89539,confirmed,2021-09-27T00:00:00Z
Singapore,SG,,,,1.35,103.82,91775,confirmed,2021-09-28T00:00:00Z
Singapore,SG,,,,1.35,103.82,94043,confirmed,2021-09-29T00:00:00Z
Singapore,SG,,,,1.35,103.82,96521,confirmed,2021-09-30T00:00:00Z
Singapore,SG,,,,1.35,103.82,99430,confirmed,2021-10-01T00:00:00Z
Singapore,SG,,,,1.35,103.82,101786,confirmed,2021-10-02T00:00:00Z
Singapore,SG,,,,1.35,103.82,103843,confirmed,2021-10-03T00:00:00Z
Singapore,SG,,,,1.35,103.82,106318,confirmed,2021-10-04T00:00:00Z
Singapore,SG,,,,1.35,103.82,109804,confirmed,2021-10-05T00:00:00Z
Singapore,SG,,,,1.35,103.82,113381,confirmed,2021-10-06T00:00:00Z
Singapore,SG,,,,1.35,103.82,116864,confirmed,2021-10-07T00:00:00Z
Singapore,SG,,,,1.35,103.82,120454,confirmed,2021-10-08T00:00:00Z
Singapore,SG,,,,1.35,103.82,124157,confirmed,2021-10-09T00:00:00Z
Singapore,SG,,,,1.35,103.82,126966,confirmed,2021-10-10T00:00:00Z
Singapore,SG,,,,1.35,103.82,129229,confirmed,2021-10-11T00:00:00Z
Singapore,SG,,,,1.35,103.82,132205,confirmed,2021-10-12T00:00:00Z
Singapore,SG,,,,1.35,103.82,135395,confirmed,2021-10-13T00:00:00Z
Singapore,SG,,,,1.35,103.82,138327,confirmed,2021-10-14T00:00:00Z
Singapore,SG,,,,1.35,103.82,141772,confirmed,2021-10-15T00:00:00Z
Singapore,SG,,,,1.35,103.82,145120,confirmed,2021-10-16T00:00:00Z
Singapore,SG,,,,1.35,103.82,148178,confirmed,2021-10-17T00:00:00Z
Singapore,SG,,,,1.35,103.82,150731,confirmed,2021-10-18T00:00:00Z
Singapore,SG,,,,1.35,103.82,154725,confirmed,2021-10-19T00:00:00Z
Singapore,SG,,,,1.35,103.82,158587,confirmed,2021-10-20T00:00:00Z
Singapore,SG,,,,1.35,103.82,162026,confirmed,2021-10-21T00:00:00Z
Singapore,SG,,,,1.35,103.82,165663,confirmed,2021-10-22T00:00:00Z
Singapore,SG,,,,1.35,103.82,169261,confirmed,2021-10-23T00:00:00Z
Singapore,SG,,,,1.35,103.82,172644,confirmed,2021-10-24T00:00:00Z
Singapore,SG,,,,1.35,103.82,175818,confirmed,2021-10-25T00:00:00Z
Singapore,SG,,,,1.35,103.82,179095,confirmed,2021-10-26T00:00:00Z
Singapore,SG,,,,1.35,103.82,184419,confirmed,2021-10-27T00:00:00Z
Singapore,SG,,,,1.35,103.82,187851,confirmed,2021-10-28T00:00:00Z
Singapore,SG,,,,1.35,103.82,192099,confirmed,2021-10-29T00:00:00Z
Singapore,SG,,,,1.35,103.82,195211,confirmed,2021-10-30T00:00:00Z
Singapore,SG,,,,1.35,103.82,198374,confirmed,2021-10-31T00:00:00Z
Singapore,SG,,,,1.35,103.82,200844,confirmed,2021-11-01T00:00:00Z
Singapore,SG,,,,1.35,103.82,204340,confirmed,2021-11-02T00:00:00Z
Singapore,SG,,,,1.35,103.82,207975,confirmed,2021-11-03T00:00:00Z
Singapore,SG,,,,1.35,103.82,210978,confirmed,2021-11-04T00:00:00Z
Singapore,SG,,,,1.35,103.82,212745,confirmed,2021-11-05T00:00:00Z
Singapore,SG,,,,1.35,103.82,215780,confirmed,2021-11-06T00:00:00Z
Singapore,SG,,,,1.35,103.82,218333,confirmed,2021-11-07T00:00:00Z
Singapore,SG,,,,1.35,103.82,220803,confirmed,2021-11-08T00:00:00Z
Singapore,SG,,,,1.35,103.82,224200,confirmed,2021-11-09T00:00:00Z
Singapore,SG,,,,1.35,103.82,227681,confirmed,2021-11-10T00:00:00Z
Singapore,SG,,,,1.35,103.82,230077,confirmed,2021-11-11T00:00:00Z
Singapore,SG,,,,1.35,103.82,233176,confirmed,2021-11-12T00:00:00Z
Singapore,SG,,,,1.35,103.82,235480,confirmed,2021-11-13T00:00:00Z
Singapore,SG,,,,1.35,103.82,237203,confirmed,2021-11-14T00:00:00Z
Singapore,SG,,,,1.35,103.82,239272,confirmed,2021-11-15T00:00:00Z
Singapore,SG,,,,1.35,103.82,241341,confirmed,2021-11-16T00:00:00Z
Singapore,SG,,,,1.35,103.82,244815,confirmed,2021-11-17T00:00:00Z
Singapore,SG,,,,1.35,103.82,244815,confirmed,2021-11-18T00:00:00Z
Singapore,SG,,,,1.35,103.82,248587,confirmed,2021-11-19T00:00:00Z
Singapore,SG,,,,1.35,103.82,250518,confirmed,2021-11-20T00:00:00Z
Singapore,SG,,,,1.35,103.82,252188,confirmed,2021-11-21T00:00:00Z
Singapore,SG,,,,1.35,103.82,253649,confirmed,2021-11-22T00:00:00Z
Singapore,SG,,,,1.35,103.82,255431,confirmed,2021-11-23T00:00:00Z
Singapore,SG,,,,1.35,103.82,257510,confirmed,2021-11-24T00:00:00Z
Singapore,SG,,,,1.35,103.82,258785,confirmed,2021-11-25T00:00:00Z
Singapore,SG,,,,1.35,103.82,259875,confirmed,2021-11-26T00:00:00Z
Singapore,SG,,,,1.35,103.82,261636,confirmed,2021-11-27T00:00:00Z
Singapore,SG,,,,1.35,103.82,262383,confirmed,2021-11-28T00:00:00Z
Singapore,SG,,,,1.35,103.82,263486,confirmed,2021-11-29T00:00:00Z
Singapore,SG,,,,1.35,103.82,264725,confirmed,2021-11-30T00:00:00Z
Singapore,SG,,,,1.35,103.82,266049,confirmed,2021-12-01T00:00:00Z
Singapore,SG,,,,1.35,103.82,267150,confirmed,2021-12-02T00:00:00Z
Singapore,SG,,,,1.35,103.82,267916,confirmed,2021-12-03T00:00:00Z
Singapore,SG,,,,1.35,103.82,268659,confirmed,2021-12-04T00:00:00Z
Singapore,SG,,,,1.35,103.82,269211,confirmed,2021-12-05T00:00:00Z
Singapore,SG,,,,1.35,103.82,269873,confirmed,2021-12-06T00:00:00Z
Singapore,SG,,,,1.35,103.82,270588,confirmed,2021-12-07T00:00:00Z
Singapore,SG,,,,1.35,103.82,271297,confirmed,2021-12-08T00:00:00Z
Singapore,SG,,,,1.35,103.82,271979,confirmed,2021-12-09T00:00:00Z
Singapore,SG,,,,1.35,103.82,272433,confirmed,2021-12-10T00:00:00Z
Singapore,SG,,,,1.35,103.82,272992,confirmed,2021-12-11T00:00:00Z
Singapore,SG,,,,1.35,103.82,273362,confirmed,2021-12-12T00:00:00Z
Singapore,SG,,,,1.35,103.82,273701,confirmed,2021-12-13T00:00:00Z
Singapore,SG,,,,1.35,103.82,274143,confirmed,2021-12-14T00:00:00Z
Singapore,SG,,,,1.35,103.82,274617,confirmed,2021-12-15T00:00:00Z
Singapore,SG,,,,1.35,103.82,274972,confirmed,2021-12-16T00:00:00Z
Singapore,SG,,,,1.35,103.82,275384,confirmed,2021-12-17T00:00:00Z
Singapore,SG,,,,1.35,103.82,275655,confirmed,2021-12-18T00:00:00Z
Singapore,SG,,,,1.35,103.82,275910,confirmed,2021-12-19T00:00:00Z
Singapore,SG,,,,1.35,103.82,276105,confirmed,2021-12-20T00:00:00Z
Singapore,SG,,,,1.35,103.82,276385,confirmed,2021-12-21T00:00:00Z
Singapore,SG,,,,1.35,103.82,276720,confirmed,2021-12-22T00:00:00Z
Singapore,SG,,,,1.35,103.82,277042,confirmed,2021-12-23T00:00:00Z
Singapore,SG,,,,1.35,103.82,277307,confirmed,2021-12-24T00:00:00Z
Singapore,SG,,,,1.35,103.82,277555,confirmed,2021-12-25T00:00:00Z
Singapore,SG,,,,1.35,103.82,277764,confirmed,2021-12-26T00:00:00Z
Singapore,SG,,,,1.35,103.82,278044,confirmed,2021-12-27T00:00:00Z
Singapore,SG,,,,1.35,103.82,278409,confirmed,2021-12-28T00:00:00Z
Singapore,SG,,,,1.35,103.82,278750,confirmed,2021-12-29T00:00:00Z
Singapore,SG,,,,1.35,103.82,279061,confirmed,2021-12-30T00:00:00Z
Singapore,SG,,,,1.35,103.82,279405,confirmed,2021-12-31T00:00:00Z
Singapore,SG,,,,1.35,103.82,279861,confirmed,2022-01-01T00:00:00Z
Singapore,SG,,,,1.35,103.82,280290,confirmed,2022-01-02T00:00:00Z
Singapore,SG,,,,1.35,103.82,280754,confirmed,2022-01-03T00:00:00Z
Singapore,SG,,,,1.35,103.82,281596,confirmed,2022-01-04T00:00:00Z
Singapore,SG,,,,1.35,103.82,282401,confirmed,2022-01-05T00:00:00Z
Singapore,SG,,,,1.35,103.82,283214,confirmed,2022-01-06T00:00:00Z
Singapore,SG,,,,1.35,103.82,283214,confirmed,2022-01-07T00:00:00Z
Singapore,SG,,,,1.35,103.82,284802,confirmed,2022-01-08T00:00:00Z
Singapore,SG,,,,1.35,103.82,285647,confirmed,2022-01-09T00:00:00Z
Singapore,SG,,,,1.35,103.82,286397,confirmed,2022-01-10T00:00:00Z
Singapore,SG,,,,1.35,103.82,287243,confirmed,2022-01-11T00:00:00Z
Singapore,SG,,,,1.35,103.82,288125,confirmed,2022-01-12T00:00:00Z
Singapore,SG,,,,1.35,103.82,289085,confirmed,2022-01-13T00:00:00Z
Singapore,SG,,,,1.35,103.82,290030,confirmed,2022-01-14T00:00:00Z
Singapore,SG,,,,1.35,103.82,290986,confirmed,2022-01-15T00:00:00Z
Singapore,SG,,,,1.35,103.82,291849,confirmed,2022-01-16T00:00:00Z
Singapore,SG,,,,1.35,103.82,293014,confirmed,2022-01-17T00:00:00Z
Singapore,SG,,,,1.35,103.82,294462,confirmed,2022-01-18T00:00:00Z
Singapore,SG,,,,1.35,103.82,296077,confirmed,2022-01-19T00:00:00Z
Singapore,SG,,,,1.35,103.82,297549,confirmed,2022-01-20T00:00:00Z
Singapore,SG,,,,1.35,103.82,307813,confirmed,2022-01-21T00:00:00Z
Singapore,SG,,,,1.35,103.82,310276,confirmed,2022-01-22T00:00:00Z
Singapore,SG,,,,1.35,103.82,313772,confirmed,2022-01-23T00:00:00Z
Singapore,SG,,,,1.35,103.82,316774,confirmed,2022-01-24T00:00:00Z
Singapore,SG,,,,1.35,103.82,322770,confirmed,2022-01-25T00:00:00Z
Singapore,SG,,,,1.35,103.82,327602,confirmed,2022-01-26T00:00:00Z
Singapore,SG,,,,1.35,103.82,333071,confirmed,2022-01-27T00:00:00Z
Singapore,SG,,,,1.35,103.82,338625,confirmed,2022-01-28T00:00:00Z
Singapore,SG,,,,1.35,103.82,343832,confirmed,2022-01-29T00:00:00Z
Singapore,SG,,,,1.35,103.82,348330,confirmed,2022-01-30T00:00:00Z
Singapore,SG,,,,1.35,103.82,352811,confirmed,2022-01-31T00:00:00Z
Singapore,SG,,,,1.35,103.82,359075,confirmed,2022-02-01T00:00:00Z
Singapore,SG,,,,1.35,103.82,362176,confirmed,2022-02-02T00:00:00Z
Singapore,SG,,,,1.35,103.82,366473,confirmed,2022-02-03T00:00:00Z
Singapore,SG,,,,1.35,103.82,379681,confirmed,2022-02-04T00:00:00Z
Singapore,SG,,,,1.35,103.82,379681,confirmed,2022-02-05T00:00:00Z
Singapore,SG,,,,1.35,103.82,390071,confirmed,2022-02-06T00:00:00Z
Singapore,SG,,,,1.35,103.82,405629,confirmed,2022-02-07T00:00:00Z
Singapore,SG,,,,1.35,103.82,418640,confirmed,2022-02-08T00:00:00Z
Singapore,SG,,,,1.35,103.82,428954,confirmed,2022-02-09T00:00:00Z
Singapore,SG,,,,1.35,103.82,439640,confirmed,2022-02-10T00:00:00Z
Singapore,SG,,,,1.35,103.82,449570,confirmed,2022-02-11T00:00:00Z
Singapore,SG,,,,1.35,103.82,460075,confirmed,2022-02-12T00:00:00Z
Singapore,SG,,,,1.35,103.82,469495,confirmed,2022-02-13T00:00:00Z
Singapore,SG,,,,1.35,103.82,478577,confirmed,2022-02-14T00:00:00Z
Singapore,SG,,,,1.35,103.82,497997,confirmed,2022-02-15T00:00:00Z
Singapore,SG,,,,1.35,103.82,514880,confirmed,2022-02-16T00:00:00Z
Singapore,SG,,,,1.35,103.82,533425,confirmed,2022-02-17T00:00:00Z
Singapore,SG,,,,1.35,103.82,551519,confirmed,2022-02-18T00:00:00Z
Singapore,SG,,,,1.35,103.82,576355,confirmed,2022-02-19T00:00:00Z
Singapore,SG,,,,1.35,103.82,582638,confirmed,2022-02-20T00:00:00Z
Singapore,SG,,,,1.35,103.82,596261,confirmed,2022-02-21T00:00:00Z
Singapore,SG,,,,1.35,103.82,622293,confirmed,2022-02-22T00:00:00Z
Singapore,SG,,,,1.35,103.82,642605,confirmed,2022-02-23T00:00:00Z
Singapore,SG,,,,1.35,103.82,661198,confirmed,2022-02-24T00:00:00Z
Singapore,SG,,,,1.35,103.82,679795,confirmed,2022-02-25T00:00:00Z
Singapore,SG,,,,1.35,103.82,696652,confirmed,2022-02-26T00:00:00Z
Singapore,SG,,,,1.35,103.82,710880,confirmed,2022-02-27T00:00:00Z
Singapore,SG,,,,1.35,103.82,724424,confirmed,2022-02-28T00:00:00Z
Singapore,SG,,,,1.35,103.82,748504,confirmed,2022-03-01T00:00:00Z
Singapore,SG,,,,1.35,103.82,767663,confirmed,2022-03-02T00:00:00Z
Singapore,SG,,,,1.35,103.82,785825,confirmed,2022-03-03T00:00:00Z
Singapore,SG,,,,1.35,103.82,803389,confirmed,2022-03-04T00:00:00Z
Singapore,SG,,,,1.35,103.82,819663,confirmed,2022-03-05T00:00:00Z
Singapore,SG,,,,1.35,103.82,832821,confirmed,2022-03-06T00:00:00Z
Singapore,SG,,,,1.35,103.82,846341,confirmed,2022-03-07T00:00:00Z
Singapore,SG,,,,1.35,103.82,846341,confirmed,2022-03-08T00:00:00Z
Singapore,SG,,,,1.35,103.82,885593,confirmed,2022-03-09T00:00:00Z
Singapore,SG,,,,1.35,103.82,901758,confirmed,2022-03-10T00:00:00Z
Singapore,SG,,,,1.35,103.82,917103,confirmed,2022-03-11T00:00:00Z
Singapore,SG,,,,1.35,103.82,929735,confirmed,2022-03-12T00:00:00Z
Singapore,SG,,,,1.35,103.82,939436,confirmed,2022-03-13T00:00:00Z
Singapore,SG,,,,1.35,103.82,948478,confirmed,2022-03-14T00:00:00Z
Singapore,SG,,,,1.35,103.82,964329,confirmed,2022-03-15T00:00:00Z
Singapore,SG,,,,1.35,103.82,975607,confirmed,2022-03-16T00:00:00Z
Singapore,SG,,,,1.35,103.82,986320,confirmed,2022-03-17T00:00:00Z
Singapore,SG,,,,1.35,103.82,996914,confirmed,2022-03-18T00:00:00Z
Singapore,SG,,,,1.35,103.82,1007158,confirmed,2022-03-19T00:00:00Z
Singapore,SG,,,,1.35,103.82,1015017,confirmed,2022-03-20T00:00:00Z
Singapore,SG,,,,1.35,103.82,1022555,confirmed,2022-03-21T00:00:00Z
Singapore,SG,,,,1.35,103.82,1035721,confirmed,2022-03-22T00:00:00Z
Singapore,SG,,,,1.35,103.82,1044661,confirmed,2022-03-23T00:00:00Z
Singapore,SG,,,,1.35,103.82,1053139,confirmed,2022-03-24T00:00:00Z
Singapore,SG,,,,1.35,103.82,1060723,confirmed,2022-03-25T00:00:00Z
Singapore,SG,,,,1.35,103.82,1067157,confirmed,2022-03-26T00:00:00Z
Singapore,SG,,,,1.35,103.82,1067157,confirmed,2022-03-27T00:00:00Z
Singapore,SG,,,,1.35,103.82,1072005,confirmed,2022-03-28T00:00:00Z
Singapore,SG,,,,1.35,103.82,1085094,confirmed,2022-03-29T00:00:00Z
Singapore,SG,,,,1.35,103.82,1090823,confirmed,2022-03-30T00:00:00Z
Singapore,SG,,,,1.35,103.82,1096428,confirmed,2022-03-31T00:00:00Z
Singapore,SG,,,,1.35,103.82,1101438,confirmed,2022-04-01T00:00:00Z
Singapore,SG,,,,1.35,103.82,1106001,confirmed,2022-04-02T00:00:00Z
Singapore,SG,,,,1.35,103.82,1109744,confirmed,2022-04-03T00:00:00Z
Singapore,SG,,,,1.35,103.82,1109744,confirmed,2022-04-04T00:00:00Z
Singapore,SG,,,,1.35,103.82,1119419,confirmed,2022-04-05T00:00:00Z
Singapore,SG,,,,1.35,103.82,1123886,confirmed,2022-04-06T00:00:00Z
Singapore,SG,,,,1.35,103.82,1128155,confirmed,2022-04-07T00:00:00Z
Singapore,SG,,,,1.35,103.82,1132169,confirmed,2022-04-08T00:00:00Z
Singapore,SG,,,,1.35,103.82,1135428,confirmed,2022-04-09T00:00:00Z
Singapore,SG,,,,1.35,103.82,1138001,confirmed,2022-04-10T00:00:00Z
Singapore,SG,,,,1.35,103.82,1140569,confirmed,2022-04-11T00:00:00Z
Singapore,SG,,,,1.35,103.82,1145121,confirmed,2022-04-12T00:00:00Z
Singapore,SG,,,,1.35,103.82,1148656,confirmed,2022-04-13T00:00:00Z
Singapore,SG,,,,1.35,103.82,1152177,confirmed,2022-04-14T00:00:00Z
Singapore,SG,,,,1.35,103.82,1155581,confirmed,2022-04-15T00:00:00Z
Singapore,SG,,,,1.35,103.82,1157251,confirmed,2022-04-16T00:00:00Z
Singapore,SG,,,,1.35,103.82,1160300,confirmed,2022-04-17T00:00:00Z
Singapore,SG,,,,1.35,103.82,1162780,confirmed,2022-04-18T00:00:00Z
Singapore,SG,,,,1.35,103.82,1167498,confirmed,2022-04-19T00:00:00Z
Singapore,SG,,,,1.35,103.82,1170970,confirmed,2022-04-20T00:00:00Z
Singapore,SG,,,,1.35,103.82,1174390,confirmed,2022-04-21T00:00:00Z
Singapore,SG,,,,1.35,103.82,1177415,confirmed,2022-04-22T00:00:00Z
Singapore,SG,,,,1.35,103.82,1180124,confirmed,2022-04-23T00:00:00Z
Singapore,SG,,,,1.35,103.82,1182168,confirmed,2022-04-24T00:00:00Z
Singapore,SG,,,,1.35,103.82,1184226,confirmed,2022-04-25T00:00:00Z
Singapore,SG,,,,1.35,103.82,1187914,confirmed,2022-04-26T00:00:00Z
Singapore,SG,,,,1.35,103.82,1187914,confirmed,2022-04-27T00:00:00Z
Singapore,SG,,,,1.35,103.82,1187914,confirmed,2022-04-28T00:00:00Z
Singapore,SG,,,,1.35,103.82,1193250,confirmed,2022-04-29T00:00:00Z
Singapore,SG,,,,1.35,103.82,1193250,confirmed,2022-04-30T00:00:00Z
Singapore,SG,,,,1.35,103.82,1193250,confirmed,2022-05-01T00:00:00Z
Singapore,SG,,,,1.35,103.82,1200976,confirmed,2022-05-02T00:00:00Z
Singapore,SG,,,,1.35,103.82,1202546,confirmed,2022-05-03T00:00:00Z
Singapore,SG,,,,1.35,103.82,1202546,confirmed,2022-05-04T00:00:00Z
Singapore,SG,,,,1.35,103.82,1208917,confirmed,2022-05-05T00:00:00Z
Singapore,SG,,,,1.35,103.82,1212337,confirmed,2022-05-06T00:00:00Z
Singapore,SG,,,,1.35,103.82,1215499,confirmed,2022-05-07T00:00:00Z
Singapore,SG,,,,1.35,103.82,1217922,confirmed,2022-05-08T00:00:00Z
Singapore,SG,,,,1.35,103.82,1220193,confirmed,2022-05-09T00:00:00Z
Singapore,SG,,,,1.35,103.82,1225024,confirmed,2022-05-10T00:00:00Z
Singapore,SG,,,,1.35,103.82,1228914,confirmed,2022-05-11T00:00:00Z
Singapore,SG,,,,1.35,103.82,1232559,confirmed,2022-05-12T00:00:00Z
Singapore,SG,,,,1.35,103.82,1236850,confirmed,2022-05-13T00:00:00Z
Singapore,SG,,,,1.35,103.82,1240233,confirmed,2022-05-14T00:00:00Z
Singapore,SG,,,,1.35,103.82,1242884,confirmed,2022-05-15T00:00:00Z
Singapore,SG,,,,1.35,103.82,1245007,confirmed,2022-05-16T00:00:00Z
Singapore,SG,,,,1.35,103.82,1247671,confirmed,2022-05-17T00:00:00Z
Singapore,SG,,,,1.35,103.82,1254113,confirmed,2022-05-18T00:00:00Z
Singapore,SG,,,,1.35,103.82,1258691,confirmed,2022-05-19T00:00:00Z
Singapore,SG,,,,1.35,103.82,1263033,confirmed,2022-05-20T00:00:00Z
Singapore,SG,,,,1.35,103.82,1266808,confirmed,2022-05-21T00:00:00Z
Singapore,SG,,,,1.35,103.82,1269635,confirmed,2022-05-22T00:00:00Z
Singapore,SG,,,,1.35,103.82,1272386,confirmed,2022-05-23T00:00:00Z
Singapore,SG,,,,1.35,103.82,1278113,confirmed,2022-05-24T00:00:00Z
Singapore,SG,,,,1.35,103.82,1282280,confirmed,2022-05-25T00:00:00Z
Singapore,SG,,,,1.35,103.82,1286216,confirmed,2022-05-26T00:00:00Z
Singapore,SG,,,,1.35,103.82,1290046,confirmed,2022-05-27T00:00:00Z
Singapore,SG,,,,1.35,103.82,1293369,confirmed,2022-05-28T00:00:00Z
Singapore,SG,,,,1.35,103.82,1295920,confirmed,2022-05-29T00:00:00Z
Singapore,SG,,,,1.35,103.82,1298309,confirmed,2022-05-30T00:00:00Z
Singapore,SG,,,,1.35,103.82,1303294,confirmed,2022-05-31T00:00:00Z
Singapore,SG,,,,1.35,103.82,1306871,confirmed,2022-06-01T00:00:00Z
Singapore,SG,,,,1.35,103.82,1310616,confirmed,2022-06-02T00:00:00Z
Singapore,SG,,,,1.35,103.82,1313849,confirmed,2022-06-03T00:00:00Z
Singapore,SG,,,,1.35,103.82,1316728,confirmed,2022-06-04T00:00:00Z
Singapore,SG,,,,1.35,103.82,1318984,confirmed,2022-06-05T00:00:00Z
Singapore,SG,,,,1.35,103.82,1321146,confirmed,2022-06-06T00:00:00Z
Singapore,SG,,,,1.35,103.82,1325623,confirmed,2022-06-07T00:00:00Z
Singapore,SG,,,,1.35,103.82,1329225,confirmed,2022-06-08T00:00:00Z
Singapore,SG,,,,1.35,103.82,1332656,confirmed,2022-06-09T00:00:00Z
Singapore,SG,,,,1.35,103.82,1335625,confirmed,2022-06-10T00:00:00Z
Singapore,SG,,,,1.35,103.82,1338753,confirmed,2022-06-11T00:00:00Z
Singapore,SG,,,,1.35,103.82,1341256,confirmed,2022-06-12T00:00:00Z
Singapore,SG,,,,1.35,103.82,1343645,confirmed,2022-06-13T00:00:00Z
Singapore,SG,,,,1.35,103.82,1348775,confirmed,2022-06-14T00:00:00Z
Singapore,SG,,,,1.35,103.82,1352681,confirmed,2022-06-15T00:00:00Z
Singapore,SG,,,,1.35,103.82,1355801,confirmed,2022-06-16T00:00:00Z
Singapore,SG,,,,1.35,103.82,1360780,confirmed,2022-06-17T00:00:00Z
Singapore,SG,,,,1.35,103.82,1364562,confirmed,2022-06-18T00:00:00Z
Singapore,SG,,,,1.35,103.82,1367761,confirmed,2022-06-19T00:00:00Z
Singapore,SG,,,,1.35,103.82,1370981,confirmed,2022-06-20T00:00:00Z
Singapore,SG,,,,1.35,103.82,1378090,confirmed,2022-06-21T00:00:00Z
Singapore,SG,,,,1.35,103.82,1383952,confirmed,2022-06-22T00:00:00Z
Singapore,SG,,,,1.35,103.82,1390558,confirmed,2022-06-23T00:00:00Z
Singapore,SG,,,,1.35,103.82,1397074,confirmed,2022-06-24T00:00:00Z
Singapore,SG,,,,1.35,103.82,1403242,confirmed,2022-06-25T00:00:00Z
Singapore,SG,,,,1.35,103.82,1408358,confirmed,2022-06-26T00:00:00Z
Singapore,SG,,,,1.35,103.82,1413667,confirmed,2022-06-27T00:00:00Z
Singapore,SG,,,,1.35,103.82,1425171,confirmed,2022-06-28T00:00:00Z
Singapore,SG,,,,1.35,103.82,1434563,confirmed,2022-06-29T00:00:00Z
Singapore,SG,,,,1.35,103.82,1444068,confirmed,2022-06-30T00:00:00Z
Singapore,SG,,,,1.35,103.82,1453155,confirmed,2022-07-01T00:00:00Z
Singapore,SG,,,,1.35,103.82,1461107,confirmed,2022-07-02T00:00:00Z
Singapore,SG,,,,1.35,103.82,1467234,confirmed,2022-07-03T00:00:00Z
Singapore,SG,,,,1.35,103.82,1473180,confirmed,2022-07-04T00:00:00Z
Singapore,SG,,,,1.35,103.82,1485964,confirmed,2022-07-05T00:00:00Z
Singapore,SG,,,,1.35,103.82,1495953,confirmed,2022-07-06T00:00:00Z
Singapore,SG,,,,1.35,103.82,1505938,confirmed,2022-07-07T00:00:00Z
Singapore,SG,,,,1.35,103.82,1515222,confirmed,2022-07-08T00:00:00Z
Singapore,SG,,,,1.35,103.82,1523881,confirmed,2022-07-09T00:00:00Z
Singapore,SG,,,,1.35,103.82,1530304,confirmed,2022-07-10T00:00:00Z
Singapore,SG,,,,1.35,103.82,1534799,confirmed,2022-07-11T00:00:00Z
Singapore,SG,,,,1.35,103.82,1540778,confirmed,2022-07-12T00:00:00Z
Singapore,SG,,,,1.35,103.82,1557648,confirmed,2022-07-13T00:00:00Z
Singapore,SG,,,,1.35,103.82,1569420,confirmed,2022-07-14T00:00:00Z
Singapore,SG,,,,1.35,103.82,1579946,confirmed,2022-07-15T00:00:00Z
Singapore,SG,,,,1.35,103.82,1589099,confirmed,2022-07-16T00:00:00Z
Singapore,SG,,,,1.35,103.82,1596046,confirmed,2022-07-17T00:00:00Z
Singapore,SG,,,,1.35,103.82,1602273,confirmed,2022-07-18T00:00:00Z
Singapore,SG,,,,1.35,103.82,1616067,confirmed,2022-07-19T00:00:00Z
Singapore,SG,,,,1.35,103.82,1626360,confirmed,2022-07-20T00:00:00Z
Singapore,SG,,,,1.35,103.82,1636109,confirmed,2022-07-21T00:00:00Z
Singapore,SG,,,,1.35,103.82,1645092,confirmed,2022-07-22T00:00:00Z
Singapore,SG,,,,1.35,103.82,1652981,confirmed,2022-07-23T00:00:00Z
Singapore,SG,,,,1.35,103.82,1659156,confirmed,2022-07-24T00:00:00Z
Singapore,SG,,,,1.35,103.82,1664707,confirmed,2022-07-25T00:00:00Z
Singapore,SG,,,,1.35,103.82,1677126,confirmed,2022-07-26T00:00:00Z
Singapore,SG,,,,1.35,103.82,1685889,confirmed,2022-07-27T00:00:00Z
Singapore,SG,,,,1.35,103.82,1694454,confirmed,2022-07-28T00:00:00Z
Singapore,SG,,,,1.35,103.82,1702392,confirmed,2022-07-29T00:00:00Z
Singapore,SG,,,,1.35,103.82,1708950,confirmed,2022-07-30T00:00:00Z
Singapore,SG,,,,1.35,103.82,1714056,confirmed,2022-07-31T00:00:00Z
Singapore,SG,,,,1.35,103.82,1718765,confirmed,2022-08-01T00:00:00Z
Singapore,SG,,,,1.35,103.82,1728995,confirmed,2022-08-02T00:00:00Z
Singapore,SG,,,,1.35,103.82,1728995,confirmed,2022-08-03T00:00:00Z
Singapore,SG,,,,1.35,103.82,1742874,confirmed,2022-08-04T00:00:00Z
Singapore,SG,,,,1.35,103.82,1749144,confirmed,2022-08-05T00:00:00Z
Singapore,SG,,,,1.35,103.82,1754777,confirmed,2022-08-06T00:00:00Z
Singapore,SG,,,,1.35,103.82,1759575,confirmed,2022-08-07T00:00:00Z
Singapore,SG,,,,1.35,103.82,1763116,confirmed,2022-08-08T00:00:00Z
Singapore,SG,,,,1.35,103.82,1771081,confirmed,2022-08-09T00:00:00Z
Singapore,SG,,,,1.35,103.82,1773386,confirmed,2022-08-10T00:00:00Z
Singapore,SG,,,,1.35,103.82,1773386,confirmed,2022-08-11T00:00:00Z
Singapore,SG,,,,1.35,103.82,1786643,confirmed,2022-08-12T00:00:00Z
Singapore,SG,,,,1.35,103.82,1791046,confirmed,2022-08-13T00:00:00Z
Singapore,SG,,,,1.35,103.82,1794069,confirmed,2022-08-14T00:00:00Z
Singapore,SG,,,,1.35,103.82,1794069,confirmed,2022-08-15T00:00:00Z
Singapore,SG,,,,1.35,103.82,1801936,confirmed,2022-08-16T00:00:00Z
Singapore,SG,,,,1.35,103.82,1805698,confirmed,2022-08-17T00:00:00Z
Singapore,SG,,,,1.35,103.82,1809251,confirmed,2022-08-18T00:00:00Z
Singapore,SG,,,,1.35,103.82,1812255,confirmed,2022-08-19T00:00:00Z
Singapore,SG,,,,1.35,103.82,1814915,confirmed,2022-08-20T00:00:00Z
Singapore,SG,,,,1.35,103.82,1816866,confirmed,2022-08-21T00:00:00Z
Singapore,SG,,,,1.35,103.82,1818560,confirmed,2022-08-22T00:00:00Z
Singapore,SG,,,,1.35,103.82,1822187,confirmed,2022-08-23T00:00:00Z
Singapore,SG,,,,1.35,103.82,1824832,confirmed,2022-08-24T00:00:00Z
Singapore,SG,,,,1.35,103.82,1827229,confirmed,2022-08-25T00:00:00Z
Singapore,SG,,,,1.35,103.82,1829361,confirmed,2022-08-26T00:00:00Z
Singapore,SG,,,,1.35,103.82,1831332,confirmed,2022-08-27T00:00:00Z
Singapore,SG,,,,1.35,103.82,1832780,confirmed,2022-08-28T00:00:00Z
Singapore,SG,,,,1.35,103.82,1834190,confirmed,2022-08-29T00:00:00Z
Singapore,SG,,,,1.35,103.82,1837090,confirmed,2022-08-30T00:00:00Z
Singapore,SG,,,,1.35,103.82,1839244,confirmed,2022-08-31T00:00:00Z
Singapore,SG,,,,1.35,103.82,1841288,confirmed,2022-09-01T00:00:00Z
Singapore,SG,,,,1.35,103.82,1843236,confirmed,2022-09-02T00:00:00Z
Singapore,SG,,,,1.35,103.82,1844785,confirmed,2022-09-03T00:00:00Z
Singapore,SG,,,,1.35,103.82,1846094,confirmed,2022-09-04T00:00:00Z
Singapore,SG,,,,1.35,103.82,1847270,confirmed,2022-09-05T00:00:00Z
Singapore,SG,,,,1.35,103.82,1850015,confirmed,2022-09-06T00:00:00Z
Singapore,SG,,,,1.35,103.82,1852286,confirmed,2022-09-07T00:00:00Z
Singapore,SG,,,,1.35,103.82,1854455,confirmed,2022-09-08T00:00:00Z
Singapore,SG,,,,1.35,103.82,1856673,confirmed,2022-09-09T00:00:00Z
Singapore,SG,,,,1.35,103.82,1858497,confirmed,2022-09-10T00:00:00Z
Singapore,SG,,,,1.35,103.82,1859937,confirmed,2022-09-11T00:00:00Z
Singapore,SG,,,,1.35,103.82,1861390,confirmed,2022-09-12T00:00:00Z
Singapore,SG,,,,1.35,103.82,1864742,confirmed,2022-09-13T00:00:00Z
Singapore,SG,,,,1.35,103.82,1867168,confirmed,2022-09-14T00:00:00Z
Singapore,SG,,,,1.35,103.82,1869591,confirmed,2022-09-15T00:00:00Z
Singapore,SG,,,,1.35,103.82,1871900,confirmed,2022-09-16T00:00:00Z
Singapore,SG,,,,1.35,103.82,1873747,confirmed,2022-09-17T00:00:00Z
Singapore,SG,,,,1.35,103.82,1875275,confirmed,2022-09-18T00:00:00Z
Singapore,SG,,,,1.35,103.82,1876584,confirmed,2022-09-19T00:00:00Z
Singapore,SG,,,,1.35,103.82,1879806,confirmed,2022-09-20T00:00:00Z
Singapore,SG,,,,1.35,103.82,1882314,confirmed,2022-09-21T00:00:00Z
Singapore,SG,,,,1.35,103.82,1884859,confirmed,2022-09-22T00:00:00Z
Singapore,SG,,,,1.35,103.82,1887202,confirmed,2022-09-23T00:00:00Z
Singapore,SG,,,,1.35,103.82,1889544,confirmed,2022-09-24T00:00:00Z
Singapore,SG,,,,1.35,103.82,1891341,confirmed,2022-09-25T00:00:00Z
Singapore,SG,,,,1.35,103.82,1892947,confirmed,2022-09-26T00:00:00Z
Singapore,SG,,,,1.35,103.82,1897307,confirmed,2022-09-27T00:00:00Z
Singapore,SG,,,,1.35,103.82,1900761,confirmed,2022-09-28T00:00:00Z
Singapore,SG,,,,1.35,103.82,1904192,confirmed,2022-09-29T00:00:00Z
Singapore,SG,,,,1.35,103.82,1907907,confirmed,2022-09-30T00:00:00Z
Singapore,SG,,,,1.35,103.82,1911417,confirmed,2022-10-01T00:00:00Z
Singapore,SG,,,,1.35,103.82,1914280,confirmed,2022-10-02T00:00:00Z
Singapore,SG,,,,1.35,103.82,1916993,confirmed,2022-10-03T00:00:00Z
Singapore,SG,,,,1.35,103.82,1924139,confirmed,2022-10-04T00:00:00Z
Singapore,SG,,,,1.35,103.82,1930062,confirmed,2022-10-05T00:00:00Z
Singapore,SG,,,,1.35,103.82,1936270,confirmed,2022-10-06T00:00:00Z
Singapore,SG,,,,1.35,103.82,1942204,confirmed,2022-10-07T00:00:00Z
Singapore,SG,,,,1.35,103.82,1948402,confirmed,2022-10-08T00:00:00Z
Singapore,SG,,,,1.35,103.82,1953197,confirmed,2022-10-09T00:00:00Z
Singapore,SG,,,,1.35,103.82,1957916,confirmed,2022-10-10T00:00:00Z
Singapore,SG,,,,1.35,103.82,1969648,confirmed,2022-10-11T00:00:00Z
Singapore,SG,,,,1.35,103.82,1979259,confirmed,2022-10-12T00:00:00Z
Singapore,SG,,,,1.35,103.82,1988760,confirmed,2022-10-13T00:00:00Z
Singapore,SG,,,,1.35,103.82,1997847,confirmed,2022-10-14T00:00:00Z
Singapore,SG,,,,1.35,103.82,2005884,confirmed,2022-10-15T00:00:00Z
Singapore,SG,,,,1.35,103.82,2012065,confirmed,2022-10-16T00:00:00Z
Singapore,SG,,,,1.35,103.82,2017261,confirmed,2022-10-17T00:00:00Z
Singapore,SG,,,,1.35,103.82,2029195,confirmed,2022-10-18T00:00:00Z
Singapore,SG,,,,1.35,103.82,2037947,confirmed,2022-10-19T00:00:00Z
Singapore,SG,,,,1.35,103.82,2046123,confirmed,2022-10-20T00:00:00Z
Singapore,SG,,,,1.35,103.82,2053370,confirmed,2022-10-21T00:00:00Z
Singapore,SG,,,,1.35,103.82,2059709,confirmed,2022-10-22T00:00:00Z
Singapore,SG,,,,1.35,103.82,2064163,confirmed,2022-10-23T00:00:00Z
Singapore,SG,,,,1.35,103.82,2067790,confirmed,2022-10-24T00:00:00Z
Singapore,SG,,,,1.35,103.82,2070784,confirmed,2022-10-25T00:00:00Z
Singapore,SG,,,,1.35,103.82,2080341,confirmed,2022-10-26T00:00:00Z
Singapore,SG,,,,1.35,103.82,2086588,confirmed,2022-10-27T00:00:00Z
Singapore,SG,,,,1.35,103.82,2091889,confirmed,2022-10-28T00:00:00Z
Singapore,SG,,,,1.35,103.82,2096520,confirmed,2022-10-29T00:00:00Z
Singapore,SG,,,,1.35,103.82,2099760,confirmed,2022-10-30T00:00:00Z
Singapore,SG,,,,1.35,103.82,2102372,confirmed,2022-10-31T00:00:00Z
Singapore,SG,,,,1.35,103.82,2108024,confirmed,2022-11-01T00:00:00Z
Singapore,SG,,,,1.35,103.82,2112110,confirmed,2022-11-02T00:00:00Z
Singapore,SG,,,,1.35,103.82,2115621,confirmed,2022-11-03T00:00:00Z
Singapore,SG,,,,1.35,103.82,2118749,confirmed,2022-11-04T00:00:00Z
Singapore,SG,,,,1.35,103.82,2121435,confirmed,2022-11-05T00:00:00Z
Singapore,SG,,,,1.35,103.82,2123328,confirmed,2022-11-06T00:00:00Z
Singapore,SG,,,,1.35,103.82,2125004,confirmed,2022-11-07T00:00:00Z
Singapore,SG,,,,1.35,103.82,2128572,confirmed,2022-11-08T00:00:00Z
Singapore,SG,,,,1.35,103.82,2131554,confirmed,2022-11-09T00:00:00Z
Singapore,SG,,,,1.35,103.82,2134319,confirmed,2022-11-10T00:00:00Z
Singapore,SG,,,,1.35,103.82,2136658,confirmed,2022-11-11T00:00:00Z
Singapore,SG,,,,1.35,103.82,2138598,confirmed,2022-11-12T00:00:00Z
Singapore,SG,,,,1.35,103.82,2140099,confirmed,2022-11-13T00:00:00Z
Singapore,SG,,,,1.35,103.82,2141411,confirmed,2022-11-14T00:00:00Z
Singapore,SG,,,,1.35,103.82,2144522,confirmed,2022-11-15T00:00:00Z
Singapore,SG,,,,1.35,103.82,2146706,confirmed,2022-11-16T00:00:00Z
Singapore,SG,,,,1.35,103.82,2148794,confirmed,2022-11-17T00:00:00Z
Singapore,SG,,,,1.35,103.82,2150702,confirmed,2022-11-18T00:00:00Z
Singapore,SG,,,,1.35,103.82,2152368,confirmed,2022-11-19T00:00:00Z
Singapore,SG,,,,1.35,103.82,2153535,confirmed,2022-11-20T00:00:00Z
Singapore,SG,,,,1.35,103.82,2154633,confirmed,2022-11-21T00:00:00Z
Singapore,SG,,,,1.35,103.82,2157021,confirmed,2022-11-22T00:00:00Z
Singapore,SG,,,,1.35,103.82,2158709,confirmed,2022-11-23T00:00:00Z
Singapore,SG,,,,1.35,103.82,2160324,confirmed,2022-11-24T00:00:00Z
Singapore,SG,,,,1.35,103.82,2161673,confirmed,2022-11-25T00:00:00Z
Singapore,SG,,,,1.35,103.82,2162963,confirmed,2022-11-26T00:00:00Z
Singapore,SG,,,,1.35,103.82,2163872,confirmed,2022-11-27T00:00:00Z
Singapore,SG,,,,1.35,103.82,2164689,confirmed,2022-11-28T00:00:00Z
Singapore,SG,,,,1.35,103.82,2166527,confirmed,2022-11-29T00:00:00Z
Singapore,SG,,,,1.35,103.82,2167897,confirmed,2022-11-30T00:00:00Z
Singapore,SG,,,,1.35,103.82,2169201,confirmed,2022-12-01T00:00:00Z
Singapore,SG,,,,1.35,103.82,2170498,confirmed,2022-12-02T00:00:00Z
Singapore,SG,,,,1.35,103.82,2171550,confirmed,2022-12-03T00:00:00Z
Singapore,SG,,,,1.35,103.82,2172396,confirmed,2022-12-04T00:00:00Z
Singapore,SG,,,,1.35,103.82,2173172,confirmed,2022-12-05T00:00:00Z
Singapore,SG,,,,1.35,103.82,2174989,confirmed,2022-12-06T00:00:00Z
Singapore,SG,,,,1.35,103.82,2176338,confirmed,2022-12-07T00:00:00Z
Singapore,SG,,,,1.35,103.82,2177701,confirmed,2022-12-08T00:00:00Z
Singapore,SG,,,,1.35,103.82,2179044,confirmed,2022-12-09T00:00:00Z
Singapore,SG,,,,1.35,103.82,2180146,confirmed,2022-12-10T00:00:00Z
Singapore,SG,,,,1.35,103.82,2181048,confirmed,2022-12-11T00:00:00Z
Singapore,SG,,,,1.35,103.82,2181788,confirmed,2022-12-12T00:00:00Z
Singapore,SG,,,,1.35,103.82,2183605,confirmed,2022-12-13T00:00:00Z
Singapore,SG,,,,1.35,103.82,2184952,confirmed,2022-12-14T00:00:00Z
Singapore,SG,,,,1.35,103.82,2186214,confirmed,2022-12-15T00:00:00Z
Singapore,SG,,,,1.35,103.82,2187459,confirmed,2022-12-16T00:00:00Z
Singapore,SG,,,,1.35,103.82,2188511,confirmed,2022-12-17T00:00:00Z
Singapore,SG,,,,1.35,103.82,2189349,confirmed,2022-12-18T00:00:00Z
Singapore,SG,,,,1.35,103.82,2190057,confirmed,2022-12-19T00:00:00Z
Singapore,SG,,,,1.35,103.82,2191597,confirmed,2022-12-20T00:00:00Z
Singapore,SG,,,,1.35,103.82,2192690,confirmed,2022-12-21T00:00:00Z
Singapore,SG,,,,1.35,103.82,2193890,confirmed,2022-12-22T00:00:00Z
Singapore,SG,,,,1.35,103.82,2194963,confirmed,2022-12-23T00:00:00Z
Singapore,SG,,,,1.35,103.82,2195980,confirmed,2022-12-24T00:00:00Z
Singapore,SG,,,,1.35,103.82,2196690,confirmed,2022-12-25T00:00:00Z
Singapore,SG,,,,1.35,103.82,2197084,confirmed,2022-12-26T00:00:00Z
Singapore,SG,,,,1.35,103.82,2197690,confirmed,2022-12-27T00:00:00Z
Singapore,SG,,,,1.35,103.82,2199237,confirmed,2022-12-28T00:00:00Z
Singapore,SG,,,,1.35,103.82,2200353,confirmed,2022-12-29T00:00:00Z
Singapore,SG,,,,1.35,103.82,2201379,confirmed,2022-12-30T00:00:00Z
Singapore,SG,,,,1.35,103.82,2202214,confirmed,2022-12-31T00:00:00Z
Singapore,SG,,,,1.35,103.82,2202756,confirmed,2023-01-01T00:00:00Z
Singapore,SG,,,,1.35,103.82,2203146,confirmed,2023-01-02T00:00:00Z
Singapore,SG,,,,1.35,103.82,2203702,confirmed,2023-01-03T00:00:00Z
Singapore,SG,,,,1.35,103.82,2205237,confirmed,2023-01-04T00:00:00Z
Singapore,SG,,,,1.35,103.82,2206153,confirmed,2023-01-05T00:00:00Z
Singapore,SG,,,,1.35,103.82,2206986,confirmed,2023-01-06T00:00:00Z
Singapore,SG,,,,1.35,103.82,2207670,confirmed,2023-01-07T00:00:00Z
Singapore,SG,,,,1.35,103.82,2208216,confirmed,2023-01-08T00:00:00Z
Singapore,SG,,,,1.35,103.82,2208601,confirmed,2023-01-09T00:00:00Z
Singapore,SG,,,,1.35,103.82,2209511,confirmed,2023-01-10T00:00:00Z
Singapore,SG,,,,1.35,103.82,2210109,confirmed,2023-01-11T00:00:00Z
Singapore,SG,,,,1.35,103.82,2210633,confirmed,2023-01-12T00:00:00Z
Singapore,SG,,,,1.35,103.82,2211131,confirmed,2023-01-13T00:00:00Z
Singapore,SG,,,,1.35,103.82,2211546,confirmed,2023-01-14T00:00:00Z
Singapore,SG,,,,1.35,103.82,2211855,confirmed,2023-01-15T00:00:00Z
Singapore,SG,,,,1.35,103.82,2212131,confirmed,2023-01-16T00:00:00Z
Singapore,SG,,,,1.35,103.82,2212684,confirmed,2023-01-17T00:00:00Z
Singapore,SG,,,,1.35,103.82,2213091,confirmed,2023-01-18T00:00:00Z
Singapore,SG,,,,1.35,103.82,2213435,confirmed,2023-01-19T00:00:00Z
Singapore,SG,,,,1.35,103.82,2213795,confirmed,2023-01-20T00:00:00Z
Singapore,SG,,,,1.35,103.82,2214064,confirmed,2023-01-21T00:00:00Z
Singapore,SG,,,,1.35,103.82,2214234,confirmed,2023-01-22T00:00:00Z
Singapore,SG,,,,1.35,103.82,2214312,confirmed,2023-01-23T00:00:00Z
Singapore,SG,,,,1.35,103.82,2214437,confirmed,2023-01-24T00:00:00Z
Singapore,SG,,,,1.35,103.82,2214601,confirmed,2023-01-25T00:00:00Z
Singapore,SG,,,,1.35,103.82,2215109,confirmed,2023-01-26T00:00:00Z
Singapore,SG,,,,1.35,103.82,2215527,confirmed,2023-01-27T00:00:00Z
Singapore,SG,,,,1.35,103.82,2215889,confirmed,2023-01-28T00:00:00Z
Singapore,SG,,,,1.35,103.82,2216185,confirmed,2023-01-29T00:00:00Z
Singapore,SG,,,,1.35,103.82,2216458,confirmed,2023-01-30T00:00:00Z
Singapore,SG,,,,1.35,103.82,2217110,confirmed,2023-01-31T00:00:00Z
Singapore,SG,,,,1.35,103.82,2217575,confirmed,2023-02-01T00:00:00Z
Singapore,SG,,,,1.35,103.82,2218050,confirmed,2023-02-02T00:00:00Z
Singapore,SG,,,,1.35,103.82,2218508,confirmed,2023-02-03T00:00:00Z
Singapore,SG,,,,1.35,103.82,2218881,confirmed,2023-02-04T00:00:00Z
Singapore,SG,,,,1.35,103.82,2219180,confirmed,2023-02-05T00:00:00Z
Singapore,SG,,,,1.35,103.82,2219431,confirmed,2023-02-06T00:00:00Z
Singapore,SG,,,,1.35,103.82,2220062,confirmed,2023-02-07T00:00:00Z
Singapore,SG,,,,1.35,103.82,2220534,confirmed,2023-02-08T00:00:00Z
Singapore,SG,,,,1.35,103.82,2220999,confirmed,2023-02-09T00:00:00Z
Singapore,SG,,,,1.35,103.82,2221438,confirmed,2023-02-10T00:00:00Z
Singapore,SG,,,,1.35,103.82,2221762,confirmed,2023-02-11T00:00:00Z
Singapore,SG,,,,1.35,103.82,2222006,confirmed,2023-02-12T00:00:00Z
Singapore,SG,,,,1.35,103.82,2222006,confirmed,2023-02-13T00:00:00Z
Singapore,SG,,,,1.35,103.82,2222006,confirmed,2023-02-14T00:00:00Z
Singapore,SG,,,,1.35,103.82,2222006,confirmed,2023-02-15T00:00:00Z
Singapore,SG,,,,1.35,103.82,2222006,confirmed,2023-02-16T00:00:00Z
Singapore,SG,,,,1.35,103.82,2222006,confirmed,2023-02-17T00:00:00Z
Singapore,SG,,,,1.35,103.82,2222006,confirmed,2023-02-18T00:00:00Z
Singapore,SG,,,,1.35,103.82,2222006,confirmed,2023-02-19T00:00:00Z
Singapore,SG,,,,1.35,103.82,2222006,confirmed,2023-02-20T00:00:00Z
Singapore,SG,,,,1.35,103.82,2222006,confirmed,2023-02-21T00:00:00Z
Singapore,SG,,,,1.35,103.82,2222006,confirmed,2023-02-22T00:00:00Z
Singapore,SG,,,,1.35,103.82,2222006,confirmed,2023-02-23T00:00:00Z
Singapore,SG,,,,1.35,103.82,2222006,confirmed,2023-02-24T00:00:00Z
Singapore,SG,,,,1.35,103.82,2222006,confirmed,2023-02-25T00:00:00Z
Singapore,SG,,,,1.35,103.82,2222006,confirmed,2023-02-26T00:00:00Z
Singapore,SG,,,,1.35,103.82,2226397,confirmed,2023-02-27T00:00:00Z
Singapore,SG,,,,1.35,103.82,2226397,confirmed,2023-02-28T00:00:00Z
Singapore,SG,,,,1.35,103.82,2230868,confirmed,2023-03-01T00:00:00Z
Singapore,SG,,,,1.35,103.82,2230868,confirmed,2023-03-02T00:00:00Z
Singapore,SG,,,,1.35,103.82,2230868,confirmed,2023-03-03T00:00:00Z
Singapore,SG,,,,1.35,103.82,2230868,confirmed,2023-03-04T00:00:00Z
Singapore,SG,,,,1.35,103.82,2230868,confirmed,2023-03-05T00:00:00Z
Singapore,SG,,,,1.35,103.82,2230868,confirmed,2023-03-06T00:00:00Z
Singapore,SG,,,,1.35,103.82,2230868,confirmed,2023-03-07T00:00:00Z
Singapore,SG,,,,1.35,103.82,2235294,confirmed,2023-03-08T00:00:00Z
Singapore,SG,,,,1.35,103.82,2235294,confirmed,2023-03-09T00:00:00Z
